date,stock_id,tier,final_score,ret_5d,ret_10d,ret_20d
2026-05-24,2353,強力候選,58.0,19.12013536379019,29.949238578680195,15.059221658206425
2026-05-24,2603,觀察股,54.8,-2.73972602739726,5.93607305936073,-11.87214611872146
2026-05-24,2609,觀察股,54.0,-0.5660377358490513,2.8301886792452833,-1.3207547169811376
2026-05-24,2379,觀察股,45.2,0.34602076124567477,11.245674740484429,55.70934256055363
2026-05-24,2376,觀察股,45.2,14.728682170542637,14.418604651162791,5.271317829457364
2026-05-24,2345,觀察股,45.2,-1.6194331983805668,0.8097165991902834,5.060728744939271
2026-05-24,2317,觀察股,45.2,15.6,13.8,7.3999999999999995
2026-05-24,6415,觀察股,44.0,6.761565836298933,3.558718861209965,19.750889679715304
2026-05-24,2357,觀察股,44.0,11.58357771260997,31.964809384164223,15.542521994134898
2026-05-24,2301,觀察股,42.0,13.285024154589372,11.11111111111111,11.83574879227053
2026-05-24,3711,觀察股,41.2,8.9126559714795,2.8520499108734403,20.14260249554367
2026-05-24,8046,觀察股,41.2,-9.207708779443255,-9.528907922912206,-7.494646680942184
2026-05-24,2360,觀察股,41.2,11.013215859030836,12.995594713656388,1.762114537444934
2026-05-24,1303,觀察股,41.2,13.14878892733563,20.530565167243363,75.89388696655132
2026-05-24,2882,觀察股,40.8,7.528230865746549,25.470514429109155,41.78168130489335
2026-05-24,2886,觀察股,40.8,0.2506265664160437,5.137844611528833,12.155388471177949
2026-05-24,2881,觀察股,40.8,15.667718191377505,24.079915878023144,45.636172450052584
2026-05-24,2412,觀察股,40.8,0.0,2.9197080291970803,5.474452554744526
2026-05-24,3045,觀察股,40.8,-0.4464285714285714,3.571428571428571,5.803571428571429
2026-05-24,2615,觀察股,40.8,-2.7283511269276364,2.1352313167259753,-4.507710557532619
2026-05-24,2105,觀察股,40.8,1.5673981191222572,6.89655172413794,-5.799373040752345
2026-05-24,2303,觀察股,40.0,26.75438596491228,15.350877192982457,40.35087719298245
2026-05-25,3711,強力候選,58.0,-2.593192868719611,-12.479740680713128,7.293354943273905
2026-05-25,2379,觀察股,50.0,4.459691252144083,2.2298456260720414,48.02744425385935
2026-05-25,2317,觀察股,49.2,12.452107279693486,3.256704980842912,-0.5747126436781609
2026-05-25,2891,觀察股,46.8,8.376963350785347,14.136125654450277,26.352530541012232
2026-05-25,2615,觀察股,46.8,1.320528211284524,1.5606242496998766,-5.522208883553414
2026-05-25,2603,觀察股,46.8,4.672897196261682,4.672897196261682,-11.682242990654206
2026-05-25,2609,觀察股,46.0,5.984555984555988,-0.1930501930501821,-0.9652509652509652
2026-05-25,2345,觀察股,45.2,-1.1811023622047243,-4.724409448818897,-4.133858267716536
2026-05-25,2882,觀察股,44.8,8.220858895705526,16.56441717791411,39.263803680981596
2026-05-25,2303,觀察股,44.0,16.8,-3.2,36.0
2026-05-25,6415,觀察股,44.0,-1.9417475728155338,-15.210355987055015,4.368932038834951
2026-05-25,2353,觀察股,44.0,19.076923076923087,8.615384615384606,2.7692307692307647
2026-05-25,2454,觀察股,42.0,7.302709069493522,-4.122497055359246,6.831566548881036
2026-05-25,1590,觀察股,41.2,-6.896551724137931,-11.724137931034482,-5.172413793103448
2026-05-25,1303,觀察股,41.2,23.421354764638355,11.940298507462693,77.38231917336395
2026-05-25,2360,觀察股,41.2,4.878048780487805,-0.40650406504065045,-7.926829268292683
2026-05-25,8046,觀察股,41.2,2.3755656108597285,-5.995475113122172,2.828054298642534
2026-05-25,2886,觀察股,40.8,4.9367088607595,4.303797468354437,14.43037974683545
2026-05-25,2881,觀察股,40.8,13.101330603889455,18.730808597748204,40.736949846468775
2026-05-25,2395,觀察股,40.0,3.711133400200602,-5.516549648946841,-2.206619859578736
2026-05-25,2301,觀察股,40.0,3.076923076923077,-3.9560439560439558,-1.7582417582417582
2026-05-26,3711,觀察股,54.0,-3.436988543371522,-6.873977086743044,6.873977086743044
2026-05-26,2002,觀察股,50.8,-2.820512820512824,-3.8461538461538463,-0.769230769230762
2026-05-26,2317,觀察股,50.0,16.409266409266408,7.142857142857142,-1.1583011583011582
2026-05-26,2376,觀察股,50.0,16.220238095238095,6.845238095238096,0.8928571428571428
2026-05-26,2379,觀察股,50.0,10.677966101694915,10.338983050847457,36.10169491525424
2026-05-26,2360,觀察股,49.2,-3.2,-4.3999999999999995,-13.600000000000001
2026-05-26,6415,觀察股,48.8,-8.253968253968253,-16.19047619047619,-3.968253968253968
2026-05-26,2882,觀察股,48.3,7.340553549939842,25.15042117930205,32.37063778580025
2026-05-26,2330,觀察股,47.2,4.845814977973569,1.5418502202643172,5.286343612334802
2026-05-26,2891,觀察股,46.8,11.28472222222221,20.13888888888889,21.354166666666675
2026-05-26,2603,觀察股,46.8,9.219858156028367,4.964539007092199,-11.82033096926714
2026-05-26,2615,觀察股,46.8,3.312883435582826,3.926380368098163,-3.312883435582826
2026-05-26,2609,觀察股,46.0,3.0769230769230793,-0.7692307692307665,-0.7692307692307665
2026-05-26,2345,觀察股,45.2,-7.442748091603053,-5.534351145038168,-9.351145038167939
2026-05-26,5880,觀察股,44.4,1.5418502202643234,5.066079295154195,7.488986784140966
2026-05-26,2303,觀察股,44.0,8.42911877394636,-2.2988505747126435,36.39846743295019
2026-05-26,2357,觀察股,44.0,31.616595135908444,21.602288984263232,10.300429184549357
2026-05-26,1303,觀察股,43.2,23.89867841409692,9.25110132158591,71.80616740088107
2026-05-26,2454,觀察股,42.0,6.096131301289566,4.9237983587338805,0.4689331770222743
2026-05-26,8046,觀察股,41.2,-6.507592190889371,-0.8676789587852495,3.5791757049891544
2026-05-26,1590,觀察股,41.2,-12.627986348122866,-10.921501706484642,-5.460750853242321
2026-05-26,2301,觀察股,40.0,-5.010438413361169,-6.471816283924843,-9.603340292275574
2026-05-26,2353,觀察股,40.0,33.38557993730407,15.83072100313481,7.2100313479623965
2026-05-26,2395,觀察股,40.0,0.9803921568627451,-4.019607843137255,-7.156862745098039
2026-05-27,2308,強力候選,55.5,-2.579365079365079,-12.698412698412698,-21.428571428571427
2026-05-27,2317,觀察股,54.0,17.045454545454543,-0.3787878787878788,-2.462121212121212
2026-05-27,1303,觀察股,54.0,18.32460732984293,-0.7329842931937203,62.30366492146597
2026-05-27,3711,觀察股,54.0,-3.7383177570093453,-16.043613707165107,-0.1557632398753894
2026-05-27,2360,觀察股,54.0,-3.0476190476190474,-15.80952380952381,-16.761904761904763
2026-05-27,2891,觀察股,50.8,19.08783783783783,15.202702702702704,19.25675675675674
2026-05-27,2301,觀察股,50.0,1.6260162601626018,-13.414634146341465,-12.601626016260163
2026-05-27,2379,觀察股,50.0,6.776859504132231,6.6115702479338845,34.54545454545455
2026-05-27,2353,觀察股,50.0,38.21656050955414,15.286624203821669,7.643312101910824
2026-05-27,2376,觀察股,50.0,20.0,3.6090225563909777,0.4511278195488722
2026-05-27,8046,觀察股,49.2,-0.11049723756906078,-6.4088397790055245,15.469613259668508
2026-05-27,3017,觀察股,48.0,5.7407407407407405,-12.592592592592592,-7.222222222222221
2026-05-27,4938,觀察股,48.0,19.975639464068216,15.468940316686972,4.7503045066991545
2026-05-27,2345,觀察股,47.2,-1.3358778625954197,-9.732824427480915,-9.16030534351145
2026-05-27,2615,觀察股,46.8,2.5672371638141915,1.5892420537897276,-4.7677261613691835
2026-05-27,2603,觀察股,46.8,12.056737588652481,5.4373522458628845,-12.529550827423167
2026-05-27,2882,觀察股,46.3,7.494145199063221,16.978922716627633,30.562060889929732
2026-05-27,2609,觀察股,46.0,2.0912547528517136,-3.802281368821293,-2.281368821292781
2026-05-27,2885,觀察股,44.8,7.05882352941177,4.705882352941171,12.100840336134459
2026-05-27,6415,觀察股,44.0,-9.924812030075188,-25.93984962406015,-7.518796992481203
2026-05-27,2357,觀察股,44.0,32.81027104136947,13.55206847360913,6.704707560627675
2026-05-27,2303,觀察股,44.0,-9.059233449477352,-17.421602787456447,24.390243902439025
2026-05-27,2002,觀察股,42.8,1.5706806282722363,-2.094240837696346,-0.2617801047120456
2026-05-27,2207,觀察股,42.0,3.965702036441586,4.394426580921758,2.8938906752411575
2026-05-27,5880,觀察股,42.0,2.857142857142851,4.6153846153846185,10.329670329670336
2026-05-27,1590,觀察股,41.2,-4.529616724738676,-10.452961672473867,-3.1358885017421603
2026-05-27,2395,觀察股,40.0,0.7858546168958742,-8.546168958742632,-5.697445972495088
2026-05-28,2301,觀察股,52.0,7.809110629067245,-9.544468546637743,-12.58134490238612
2026-05-28,2379,觀察股,51.5,5.05050505050505,10.26936026936027,24.579124579124578
2026-05-28,2891,觀察股,50.4,14.671163575042165,13.827993254637441,18.549747048903882
2026-05-28,3711,觀察股,50.0,-5.422647527910686,-13.237639553429027,0.7974481658692184
2026-05-28,1303,觀察股,50.0,22.65193370165746,7.071823204419895,63.53591160220995
2026-05-28,2376,觀察股,50.0,10.814814814814815,0.7407407407407408,-5.333333333333334
2026-05-28,2360,觀察股,50.0,1.9455252918287937,-14.785992217898833,-20.817120622568094
2026-05-28,2395,觀察股,50.0,6.422018348623854,-5.402650356778797,-7.135575942915392
2026-05-28,2317,觀察股,50.0,11.406844106463879,-1.7110266159695817,-5.513307984790875
2026-05-28,3036,觀察股,47.5,-2.5906735751295336,-19.689119170984455,-25.561312607944732
2026-05-28,2615,觀察股,46.8,3.717472118959108,3.8413878562577373,-4.956629491945477
2026-05-28,2603,觀察股,46.8,11.848341232227488,7.109004739336493,-14.218009478672986
2026-05-28,2609,觀察股,46.0,1.7208413001912157,-2.294455066921598,-4.2065009560229365
2026-05-28,2308,觀察股,44.0,1.4644351464435146,-9.623430962343097,-24.267782426778243
2026-05-28,3017,觀察股,44.0,5.038759689922481,-9.496124031007753,-12.5968992248062
2026-05-28,2408,觀察股,44.0,21.91358024691358,4.938271604938271,38.58024691358025
2026-05-28,4938,觀察股,44.0,16.306954436450834,14.388489208633093,-2.8776978417266252
2026-05-28,3008,觀察股,44.0,11.678832116788321,21.605839416058394,37.81021897810219
2026-05-28,2357,觀察股,44.0,28.901734104046245,13.294797687861271,1.300578034682081
2026-05-28,2327,觀察股,43.6,0.13477088948787064,13.477088948787062,36.79245283018868
2026-05-28,8046,觀察股,43.5,3.294117647058824,-5.0588235294117645,32.35294117647059
2026-05-28,2002,觀察股,42.8,2.1220159151193556,-1.5915119363395265,0.7957559681697537
2026-05-28,2885,觀察股,42.3,8.121827411167509,4.230118443316413,12.182741116751261
2026-05-28,2345,觀察股,42.0,3.0800821355236137,-6.570841889117044,-2.2587268993839835
2026-05-28,5880,觀察股,42.0,4.405286343612335,5.066079295154195,8.81057268722467
2026-05-28,2882,觀察股,40.8,11.320754716981142,18.514150943396228,25.000000000000007
2026-05-28,2330,觀察股,40.7,3.9215686274509802,-1.9607843137254901,1.9607843137254901
2026-05-28,2303,觀察股,40.0,-11.971830985915492,-11.971830985915492,15.492957746478872
2026-05-28,2353,觀察股,40.0,22.187500000000004,15.312499999999996,-0.31250000000000444
2026-05-28,6415,觀察股,40.0,-8.064516129032258,-22.419354838709676,-7.741935483870968
2026-05-29,2308,觀察股,54.0,-5.930470347648262,-9.406952965235174,-22.085889570552148
2026-05-29,2376,觀察股,54.0,-0.2702702702702703,-7.567567567567568,-12.162162162162163
2026-05-29,3711,觀察股,52.0,-5.564648117839607,-3.436988543371522,2.618657937806874
2026-05-29,2360,觀察股,51.5,1.7857142857142856,-8.928571428571429,-17.46031746031746
2026-05-29,1303,觀察股,50.0,6.523955147808365,8.562691131498477,54.434250764526006
2026-05-29,2395,觀察股,50.0,0.20202020202020202,-4.444444444444445,-4.545454545454546
2026-05-29,6415,觀察股,50.0,-3.0,-18.833333333333332,-0.33333333333333337
2026-05-29,2379,觀察股,50.0,10.86206896551724,6.551724137931035,35.0
2026-05-29,2301,觀察股,50.0,-1.9189765458422177,-7.462686567164178,-9.808102345415778
2026-05-29,4938,觀察股,49.5,9.49152542372882,5.197740112994344,-7.118644067796607
2026-05-29,2615,觀察股,48.3,4.999999999999993,3.6585365853658534,-4.146341463414641
2026-05-29,2603,觀察股,48.3,8.92018779342723,7.042253521126761,-13.615023474178404
2026-05-29,2357,觀察股,48.0,18.265440210249672,3.1537450722733245,-7.6215505913272015
2026-05-29,2337,觀察股,46.4,-9.90990990990991,-12.012012012012011,-4.804804804804805
2026-05-29,2408,觀察股,46.0,3.7463976945244957,7.780979827089338,30.547550432276655
2026-05-29,2609,觀察股,46.0,3.41555977229601,-0.5692599620493439,-2.4667931688804634
2026-05-29,2883,觀察股,44.8,22.666666666666675,21.999999999999996,31.77777777777777
2026-05-29,5880,觀察股,44.4,2.6258205689277805,5.251641137855576,8.752735229759299
2026-05-29,3036,觀察股,44.0,-2.5996533795493932,-20.797227036395146,-27.55632582322357
2026-05-29,3017,觀察股,44.0,-2.4390243902439024,-9.75609756097561,-13.696060037523452
2026-05-29,3008,觀察股,44.0,4.694167852062589,14.366998577524893,24.608819345661452
2026-05-29,2353,觀察股,44.0,9.09090909090908,4.261363636363636,-8.522727272727272
2026-05-29,2317,觀察股,44.0,-1.5570934256055362,-9.86159169550173,-14.705882352941178
2026-05-29,2002,觀察股,42.8,1.0471204188481638,-1.0471204188481824,-0.2617801047120456
2026-05-29,2207,觀察股,42.0,2.484472049689441,-4.554865424430641,-0.9316770186335404
2026-05-29,2345,觀察股,42.0,2.4691358024691357,-3.909465020576132,-3.7037037037037033
2026-05-29,2885,觀察股,40.8,9.563758389261737,7.214765100671136,10.234899328859063
2026-05-29,1326,觀察股,40.0,5.811623246492983,-2.2044088176352736,10.02004008016032
2026-05-29,2303,觀察股,40.0,-8.996539792387544,-7.612456747404845,13.494809688581316
2026-05-29,2105,觀察股,40.0,5.246913580246923,5.709876543209881,-6.635802469135799
2026-06-01,1303,觀察股,54.0,-9.30232558139535,8.837209302325581,54.88372093023256
2026-06-01,2603,觀察股,50.8,0.0,0.2232142857142857,-17.633928571428573
2026-06-01,2379,觀察股,50.0,-2.134646962233169,4.105090311986864,32.34811165845649
2026-06-01,2360,觀察股,50.0,-5.038759689922481,-12.209302325581394,-16.27906976744186
2026-06-01,2301,觀察股,50.0,-6.823027718550106,-11.513859275053305,-5.330490405117271
2026-06-01,6415,觀察股,50.0,-13.531353135313532,-11.716171617161717,-1.3201320132013201
2026-06-01,2395,觀察股,50.0,-8.897485493230175,-6.189555125725339,-4.835589941972921
2026-06-01,3711,觀察股,50.0,-10.149750415973378,-1.8302828618968388,13.14475873544093
2026-06-01,2382,觀察股,49.2,1.0738255033557047,-0.6711409395973155,-1.2080536912751678
2026-06-01,8046,觀察股,49.2,-8.176795580110499,-4.972375690607735,30.939226519337016
2026-06-01,2408,觀察股,48.0,-11.009174311926607,3.669724770642202,18.610747051114025
2026-06-01,2317,觀察股,47.5,-8.17717206132879,-8.858603066439523,-14.480408858603067
2026-06-01,2337,觀察股,47.2,-14.328358208955224,-5.074626865671641,-7.164179104477612
2026-06-01,2615,觀察股,46.8,0.2369668246445363,-1.0663507109004806,-6.1611374407582975
2026-06-01,1301,觀察股,46.0,-8.299999999999997,-5.5,9.0
2026-06-01,2474,觀察股,46.0,-1.5659955257270695,-6.935123042505594,-6.487695749440715
2026-06-01,2345,觀察股,45.2,-3.5856573705179287,-3.187250996015936,-0.5976095617529881
2026-06-01,2412,觀察股,44.8,-1.4234875444839856,3.558718861209965,0.7117437722419928
2026-06-01,3036,觀察股,44.0,-13.043478260869565,-21.391304347826086,-25.565217391304344
2026-06-01,2353,觀察股,44.0,-8.785529715762289,-0.6459948320413437,-14.4702842377261
2026-06-01,2308,觀察股,44.0,-6.8181818181818175,-8.677685950413224,-19.421487603305785
2026-06-01,2330,觀察股,44.0,-2.547770700636943,0.8492569002123143,2.335456475583864
2026-06-01,2609,觀察股,44.0,-5.828779599271395,-6.739526411657551,-5.282331511839706
2026-06-01,2376,觀察股,44.0,-10.852713178294573,-9.689922480620156,-11.11111111111111
2026-06-01,3017,觀察股,44.0,-7.719928186714542,-13.464991023339318,-9.33572710951526
2026-06-01,2002,觀察股,42.8,-2.3560209424083918,-0.5235602094240912,-1.570680628272255
2026-06-01,2207,觀察股,42.0,-0.10559662090813093,-2.1119324181626187,-1.689545934530095
2026-06-01,1326,觀察股,42.0,-9.386617100371742,-4.089219330855011,1.4869888475836512
2026-06-01,5880,觀察股,42.0,0.8752735229759269,5.689277899343532,8.752735229759299
2026-06-01,3034,觀察股,42.0,-4.733131923464249,-0.3021148036253776,7.754279959718026
2026-06-01,2883,觀察股,40.8,18.10154525386314,27.152317880794712,26.710816777041945
2026-06-01,2105,觀察股,40.8,1.5151515151515151,2.727272727272723,-9.242424242424246
2026-06-01,2891,觀察股,40.8,5.3140096618357555,12.882447665056349,14.331723027375197
2026-06-01,2303,觀察股,40.0,-17.123287671232877,-3.0821917808219177,12.67123287671233
2026-06-02,1301,觀察股,54.0,-10.510805500982322,-8.153241650294692,6.679764243614929
2026-06-02,3711,觀察股,52.0,-3.5593220338983054,0.3389830508474576,19.152542372881356
2026-06-02,2603,觀察股,50.8,-3.896103896103896,-4.545454545454546,-19.696969696969695
2026-06-02,2207,觀察股,50.0,2.4390243902439024,-0.6362672322375398,-1.378579003181336
2026-06-02,2408,觀察股,50.0,-13.468414779499405,1.3110846245530394,0.3575685339690107
2026-06-02,2360,觀察股,50.0,-1.2396694214876034,-3.925619834710744,-6.198347107438017
2026-06-02,2301,觀察股,50.0,-1.5384615384615385,-8.571428571428571,-3.5164835164835164
2026-06-02,2609,觀察股,50.0,-3.731343283582089,-4.850746268656718,-5.4104477611940265
2026-06-02,5880,觀察股,50.0,3.4707158351410006,6.724511930585686,7.809110629067248
2026-06-02,6415,觀察股,50.0,-8.650519031141869,1.7301038062283738,1.7301038062283738
2026-06-02,2337,觀察股,48.7,-17.094017094017094,-5.128205128205128,-18.233618233618234
2026-06-02,2330,觀察股,46.4,-3.1512605042016806,0.8403361344537815,5.2521008403361344
2026-06-02,2884,觀察股,46.0,6.211180124223602,9.316770186335404,2.1739130434782474
2026-06-02,3034,觀察股,46.0,-5.226824457593689,-1.3806706114398422,6.11439842209073
2026-06-02,2382,觀察股,45.2,-6.367041198501873,-9.488139825218477,-7.116104868913857
2026-06-02,2883,觀察股,44.8,24.145299145299155,26.923076923076927,20.94017094017095
2026-06-02,3045,觀察股,44.8,1.2987012987012987,4.329004329004329,2.1645021645021645
2026-06-02,1303,觀察股,44.0,-11.82222222222222,2.2222222222222223,62.66666666666667
2026-06-02,2379,觀察股,44.0,-0.3062787136294028,3.828483920367534,26.952526799387442
2026-06-02,2353,觀察股,44.0,-13.160987074030539,-8.578143360752053,-24.559341950646292
2026-06-02,2308,觀察股,44.0,2.330508474576271,-5.508474576271186,-15.677966101694915
2026-06-02,3017,觀察股,44.0,-5.7407407407407405,-12.222222222222221,-2.9629629629629632
2026-06-02,2002,觀察股,42.8,-1.0554089709762495,-1.5831134564643838,-1.5831134564643838
2026-06-02,2474,觀察股,42.0,-10.386965376782078,-16.293279022403258,-17.311608961303463
2026-06-02,8046,觀察股,42.0,6.0324825986078885,4.640371229698376,36.31090487238979
2026-06-02,2354,觀察股,40.8,-8.125000000000004,-10.9375,-14.0625
2026-06-02,2412,觀察股,40.8,0.0,3.169014084507042,-0.35211267605633806
2026-06-02,2891,觀察股,40.8,7.956318252730123,10.452418096723875,10.14040561622465
2026-06-02,2376,觀察股,40.0,-8.066581306017925,-10.88348271446863,-13.572343149807939
2026-06-02,6505,觀察股,40.0,-3.853211009174314,-3.302752293577976,-1.651376146788988
2026-06-02,2395,觀察股,40.0,-4.951456310679612,-6.796116504854369,-2.3300970873786406
2026-06-02,2303,觀察股,40.0,-9.89399293286219,-0.35335689045936397,19.434628975265017
2026-06-02,2317,觀察股,40.0,-7.960199004975125,-10.779436152570481,-17.744610281923716
2026-06-02,4938,觀察股,40.0,-2.7607361963190216,-15.13292433537832,-15.541922290388552
2026-06-03,3711,觀察股,52.0,-12.7831715210356,-3.7216828478964405,17.637540453074433
2026-06-03,2603,觀察股,50.8,-5.9071729957805905,-18.143459915611814,-21.729957805907173
2026-06-03,2303,觀察股,50.0,-9.195402298850574,7.2796934865900385,26.81992337164751
2026-06-03,2360,觀察股,50.0,-13.163064833005894,-12.37721021611002,-13.163064833005894
2026-06-03,2379,觀察股,50.0,-0.15479876160990713,15.325077399380804,25.541795665634677
2026-06-03,2884,觀察股,50.0,1.9696969696969653,7.575757575757576,2.1212121212121295
2026-06-03,2330,觀察股,49.5,-7.010309278350515,-1.6494845360824744,1.6494845360824744
2026-06-03,6505,觀察股,48.0,-8.765652951699462,-5.903398926654735,3.0411449016100227
2026-06-03,6415,觀察股,48.0,-17.779632721202006,-4.507512520868113,4.173622704507513
2026-06-03,3017,觀察股,48.0,-17.338003502626968,-17.162872154115586,-4.028021015761821
2026-06-03,3008,觀察股,48.0,3.638644918444166,29.109159347553327,7.779171894604768
2026-06-03,2337,觀察股,47.2,-16.666666666666664,-0.30864197530864196,-10.185185185185185
2026-06-03,2002,觀察股,46.8,-3.6082474226804093,-3.3505154639175188,-4.123711340206171
2026-06-03,2207,觀察股,46.0,0.4123711340206186,-4.845360824742269,-4.22680412371134
2026-06-03,2892,觀察股,46.0,5.344827586206899,12.068965517241379,10.689655172413797
2026-06-03,2317,觀察股,45.5,-14.886731391585762,-11.974110032362459,-22.653721682847898
2026-06-03,2891,觀察股,44.3,-3.2624113475177263,0.7092198581560284,-0.851063829787226
2026-06-03,2308,觀察股,44.0,-10.386965376782078,-12.219959266802444,-19.75560081466395
2026-06-03,2353,觀察股,44.0,-16.589861751152064,-19.354838709677416,-26.26728110599078
2026-06-03,3034,觀察股,44.0,-4.870775347912525,2.3856858846918487,7.5546719681908545
2026-06-03,2408,觀察股,44.0,-17.06102117061021,8.84184308841843,1.36986301369863
2026-06-03,2376,觀察股,44.0,-13.659147869674184,-12.907268170426065,-15.162907268170425
2026-06-03,5880,觀察股,44.0,1.7094017094017186,5.769230769230775,4.914529914529924
2026-06-03,2345,觀察股,41.2,-8.51063829787234,-3.481624758220503,6.382978723404255
2026-06-03,2354,觀察股,40.8,-13.517665130568354,-11.674347158218119,-15.668202764976954
2026-06-03,3045,觀察股,40.8,1.7241379310344827,2.586206896551724,2.1551724137931036
2026-06-03,2412,觀察股,40.8,2.127659574468085,3.1914893617021276,0.0
2026-06-03,2609,觀察股,40.0,-5.772811918063317,-3.910614525139667,-5.027932960893859
2026-06-03,2301,觀察股,40.0,-14.799999999999999,-16.0,-11.4
2026-06-03,1303,觀察股,40.0,-16.10619469026549,11.946902654867257,74.33628318584071
2026-06-03,1301,觀察股,40.0,-14.615384615384619,-7.788461538461533,14.807692307692314
2026-06-04,2884,強力候選,58.0,1.1958146487294425,5.82959641255604,0.7473841554559043
2026-06-04,2360,觀察股,50.0,-16.412213740458014,-11.83206106870229,-13.549618320610687
2026-06-04,2376,觀察股,50.0,-9.090909090909092,-8.02139037433155,-9.491978609625669
2026-06-04,2002,觀察股,46.8,-3.6363636363636327,-0.7792207792207718,-1.558441558441562
2026-06-04,2207,觀察股,46.0,0.8238928939237898,-0.7209062821833162,-2.5746652935118437
2026-06-04,2892,觀察股,46.0,3.722504230118436,10.321489001692049,9.644670050761414
2026-06-04,2330,觀察股,45.5,-5.660377358490567,1.0482180293501049,2.515723270440252
2026-06-04,5880,觀察股,44.0,0.6329113924050723,4.430379746835446,4.219409282700422
2026-06-04,2308,觀察股,44.0,-10.927835051546392,-11.34020618556701,-14.432989690721648
2026-06-04,3017,觀察股,44.0,-13.837638376383765,-11.439114391143912,1.8450184501845017
2026-06-04,2408,觀察股,44.0,-13.924050632911392,16.329113924050635,3.670886075949367
2026-06-04,3008,觀察股,44.0,8.88888888888889,35.81699346405229,10.588235294117647
2026-06-04,6415,觀察股,42.0,-15.6140350877193,10.350877192982457,6.140350877192982
2026-06-04,3711,觀察股,42.0,-8.263069139966273,3.372681281618887,15.008431703204048
2026-06-04,2303,觀察股,42.0,0.0,16.400000000000002,36.4
2026-06-04,2317,觀察股,41.5,-11.774744027303754,-8.361774744027302,-17.918088737201366
2026-06-04,2345,觀察股,41.2,-9.362549800796813,-2.9880478087649402,8.964143426294822
2026-06-04,2412,觀察股,40.8,2.4734982332155475,1.76678445229682,-0.35335689045936397
2026-06-04,3045,觀察股,40.8,2.586206896551724,2.586206896551724,0.43103448275862066
2026-06-04,2354,觀察股,40.8,-9.791332263242367,-7.0626003210272845,-10.754414125200636
2026-06-04,1301,觀察股,40.0,-13.779527559055119,1.7716535433070981,22.24409448818899
2026-06-04,2379,觀察股,40.0,4.967948717948718,31.25,25.48076923076923
2026-06-04,2609,觀察股,40.0,-3.947368421052634,-3.571428571428582,-1.5037593984962485
2026-06-04,2353,觀察股,40.0,-5.626598465473153,-12.020460358056273,-15.856777493606145
2026-06-04,6505,觀察股,40.0,-10.608695652173916,-6.956521739130435,2.4347826086956497
2026-06-04,1303,觀察股,40.0,-12.702702702702698,25.225225225225223,77.47747747747748
2026-06-04,2301,觀察股,40.0,-16.096579476861166,-15.29175050301811,-11.87122736418511
2026-06-05,2207,觀察股,54.0,-6.8686868686868685,-2.8282828282828283,-3.737373737373737
2026-06-05,2892,觀察股,54.0,5.802047781569963,10.238907849829339,12.798634812286677
2026-06-05,2884,觀察股,52.0,2.998500749625187,7.346326836581696,3.2983508245877107
2026-06-05,1301,觀察股,50.0,-7.464212678936602,7.157464212678937,23.517382413087933
2026-06-05,1303,觀察股,50.0,1.9138755980861244,45.933014354066984,77.03349282296651
2026-06-05,2317,觀察股,50.0,-8.43585237258348,-5.623901581722319,-14.938488576449913
2026-06-05,2360,觀察股,47.5,-10.526315789473683,-9.941520467836257,-15.009746588693956
2026-06-05,2002,觀察股,46.8,-2.072538860103638,1.0362694300518096,-1.5544041450777237
2026-06-05,2330,觀察股,44.0,-2.3255813953488373,6.13107822410148,4.0169133192389
2026-06-05,3008,觀察股,44.0,9.239130434782608,40.89673913043478,12.364130434782608
2026-06-05,6505,觀察股,44.0,-4.520795660036167,-2.3508137432188017,7.594936708860765
2026-06-05,3017,觀察股,44.0,-7.5,-6.923076923076923,2.6923076923076925
2026-06-05,2408,觀察股,44.0,3.888888888888889,40.27777777777778,16.805555555555557
2026-06-05,3045,觀察股,42.3,3.0172413793103448,2.1551724137931036,1.293103448275862
2026-06-05,2301,觀察股,42.0,-5.6521739130434785,0.6521739130434783,-2.608695652173913
2026-06-05,3711,觀察股,42.0,2.2530329289428077,16.81109185441941,17.677642980935875
2026-06-05,2303,觀察股,42.0,1.520912547528517,21.673003802281368,26.23574144486692
2026-06-05,6415,觀察股,42.0,-16.323024054982817,15.63573883161512,6.529209621993128
2026-06-05,2412,觀察股,40.8,2.8368794326241136,2.4822695035460995,0.3546099290780142
2026-06-05,2615,觀察股,40.8,-1.2775842044134662,-6.5040650406504,-7.084785133565616
2026-06-05,2376,觀察股,40.8,-7.317073170731707,-7.994579945799458,-8.807588075880759
2026-06-05,2105,觀察股,40.8,0.43988269794720986,-11.876832844574782,-4.545454545454558
2026-06-05,2609,觀察股,40.0,-3.853211009174314,-4.036697247706427,-2.7522935779816518
2026-06-05,5880,觀察股,40.0,2.5586353944562963,4.264392324093817,5.9701492537313525
2026-06-05,2353,觀察股,40.0,-4.427083333333322,-11.45833333333333,-14.583333333333337
2026-06-08,2317,觀察股,50.0,-0.7421150278293136,-3.710575139146568,-12.059369202226346
2026-06-08,1303,觀察股,50.0,20.0,58.46153846153847,70.76923076923077
2026-06-08,2603,觀察股,50.0,0.2232142857142857,-15.625,-16.071428571428573
2026-06-08,2353,觀察股,50.0,8.923512747875371,-5.382436260623226,-9.348441926345602
2026-06-08,2892,觀察股,50.0,7.560137457044671,11.51202749140894,14.432989690721634
2026-06-08,2615,觀察股,46.8,-1.3002364066193788,-6.973995271867603,-8.98345153664302
2026-06-08,2207,觀察股,46.0,-2.00845665961945,2.536997885835095,-0.42283298097251587
2026-06-08,2609,觀察股,46.0,-0.9671179883945841,-0.7736943907156782,-1.1605415860735036
2026-06-08,5880,觀察股,46.0,4.772234273318863,6.507592190889371,8.026030368763548
2026-06-08,2884,觀察股,44.0,5.319148936170213,8.814589665653491,4.863221884498485
2026-06-08,2379,觀察股,44.0,6.375838926174497,44.79865771812081,30.201342281879196
2026-06-08,1326,觀察股,44.0,5.8461538461538485,8.923076923076927,29.84615384615384
2026-06-08,2408,觀察股,44.0,16.49484536082474,33.87334315169367,18.7039764359352
2026-06-08,2002,觀察股,42.8,1.876675603217166,2.9490616621983956,-0.2680965147452931
2026-06-08,2303,觀察股,42.0,16.94214876033058,40.49586776859504,28.09917355371901
2026-06-08,2301,觀察股,42.0,-5.034324942791762,2.2883295194508007,-2.517162471395881
2026-06-08,6415,觀察股,42.0,2.099236641221374,23.091603053435115,6.870229007633588
2026-06-08,3711,觀察股,42.0,9.25925925925926,22.59259259259259,20.555555555555554
2026-06-08,2412,觀察股,40.8,5.054151624548736,3.9711191335740073,1.8050541516245486
2026-06-08,2886,觀察股,40.8,6.7961165048543615,9.70873786407767,13.592233009708723
2026-06-08,2105,觀察股,40.8,1.1940298507462643,-12.53731343283582,-3.1343283582089465
2026-06-08,3045,觀察股,40.8,3.91304347826087,3.4782608695652173,1.3043478260869565
2026-06-08,6505,觀察股,40.0,1.3307984790874443,-0.9505703422053232,10.266159695817487
2026-06-09,1303,觀察股,54.0,15.927419354838706,57.258064516129025,83.46774193548386
2026-06-09,2603,觀察股,50.0,-0.6756756756756757,-15.99099099099099,-11.711711711711711
2026-06-09,2353,觀察股,50.0,5.27740189445195,-7.442489851150203,-12.58457374830854
2026-06-09,2345,觀察股,49.2,1.8181818181818181,-4.040404040404041,-2.4242424242424243
2026-06-09,2615,觀察股,46.8,-3.7780401416765086,-6.965761511216064,-6.257378984651709
2026-06-09,2892,觀察股,46.4,4.262295081967215,5.081967213114745,11.803278688524594
2026-06-09,2609,觀察股,46.0,-1.1627906976744213,0.0,1.3565891472868135
2026-06-09,2207,觀察股,46.0,-3.002070393374741,-1.1387163561076603,-0.5175983436853002
2026-06-09,1326,觀察股,45.5,7.979274611398966,19.58549222797928,34.09326424870467
2026-06-09,3711,觀察股,44.0,4.042179261862917,14.762741652021088,9.84182776801406
2026-06-09,2379,觀察股,44.0,4.147465437788019,23.34869431643625,25.49923195084485
2026-06-09,2408,觀察股,44.0,17.079889807162534,22.176308539944902,9.090909090909092
2026-06-09,2002,觀察股,42.8,-0.533333333333341,3.2000000000000077,-0.2666666666666705
2026-06-09,2308,觀察股,42.0,-7.6604554865424435,-17.184265010351968,-21.94616977225673
2026-06-09,2303,觀察股,42.0,10.588235294117647,39.6078431372549,27.84313725490196
2026-06-09,2301,觀察股,42.0,-7.142857142857142,-3.3482142857142856,-4.464285714285714
2026-06-09,6415,觀察股,42.0,11.363636363636363,14.583333333333334,4.356060606060606
2026-06-09,2317,觀察股,42.0,-3.063063063063063,-7.747747747747748,-14.414414414414415
2026-06-09,2412,觀察股,40.8,3.169014084507042,1.056338028169014,-1.7605633802816902
2026-06-09,3045,觀察股,40.8,2.9914529914529915,2.1367521367521367,-3.418803418803419
2026-06-09,6505,觀察股,40.0,0.5725190839694738,5.343511450381688,13.358778625954198
2026-06-09,5880,觀察股,40.0,3.1446540880503147,2.3060796645702184,5.2410901467505235
2026-06-10,2603,觀察股,50.0,-13.004484304932735,-17.040358744394617,-12.780269058295964
2026-06-10,2615,觀察股,50.0,-3.2490974729241744,-6.257521058965089,-3.2490974729241744
2026-06-10,3045,觀察股,47.6,0.847457627118644,1.694915254237288,-8.050847457627118
2026-06-10,3008,觀察股,44.0,24.576271186440678,25.06053268765133,-4.358353510895883
2026-06-10,2379,觀察股,44.0,15.503875968992247,26.2015503875969,30.23255813953488
2026-06-10,2353,觀察股,44.0,-3.3149171270718307,-6.6298342541436615,-10.220994475138129
2026-06-10,2207,觀察股,44.0,-5.236139630390143,-1.4373716632443532,-2.1560574948665296
2026-06-10,2884,觀察股,44.0,5.497771173848444,5.349182763744441,3.268945022288266
2026-06-10,2357,觀察股,42.3,0.8793969849246231,-6.030150753768844,-14.07035175879397
2026-06-10,1303,觀察股,42.0,33.438818565400844,63.50210970464135,91.45569620253166
2026-06-10,2892,觀察股,42.0,6.382978723404253,7.528641571194765,9.983633387888709
2026-06-10,2317,觀察股,42.0,3.4220532319391634,-2.091254752851711,-9.695817490494296
2026-06-10,2301,觀察股,42.0,-1.4084507042253522,0.9389671361502347,0.2347417840375587
2026-06-10,2474,觀察股,41.5,0.4889975550122249,0.4889975550122249,-4.400977995110025
2026-06-10,4938,觀察股,41.5,-12.447257383966242,-9.282700421940927,-12.76371308016877
2026-06-10,2885,觀察股,40.8,7.062600321027297,7.062600321027297,9.630818619582666
2026-06-10,2412,觀察股,40.8,1.0416666666666665,0.0,-7.291666666666667
2026-06-10,5880,觀察股,40.0,3.991596638655459,5.462184873949583,5.672268907563016
2026-06-10,6505,觀察股,40.0,3.137254901960787,9.6078431372549,15.294117647058819
2026-06-11,2603,觀察股,50.0,-14.601769911504425,-19.911504424778762,-13.716814159292035
2026-06-11,2884,觀察股,46.0,4.579025110782857,2.0679468242245074,2.2156573116691285
2026-06-11,2379,觀察股,44.0,25.0381679389313,12.977099236641221,15.419847328244273
2026-06-11,2327,觀察股,44.0,28.26603325415677,20.54631828978622,-3.0878859857482186
2026-06-11,3008,觀察股,44.0,24.729891956782712,13.325330132052821,4.321728691476591
2026-06-11,2207,觀察股,44.0,-1.5321756894790604,-1.7364657814096014,-2.96220633299285
2026-06-11,2615,觀察股,43.5,-4.057279236276839,-8.472553699284004,-5.489260143198084
2026-06-11,2885,觀察股,42.3,10.389610389610388,7.629870129870123,10.87662337662337
2026-06-11,1303,觀察股,42.0,43.44685242518059,52.734778121775015,105.88235294117645
2026-06-11,2317,觀察股,42.0,3.8684719535783367,-3.8684719535783367,-8.51063829787234
2026-06-11,2303,觀察股,41.2,16.400000000000002,31.2,22.8
2026-06-11,2382,觀察股,41.2,1.6216216216216217,-2.1621621621621623,2.1621621621621623
2026-06-11,5880,觀察股,40.0,3.773584905660371,3.563941299790347,5.660377358490557
2026-06-11,2892,觀察股,40.0,6.362153344208819,6.525285481239805,9.787928221859707
2026-06-11,4938,觀察股,40.0,-13.102725366876308,-15.094339622641515,-13.417190775681354
2026-06-12,4938,觀察股,51.5,-11.922663802363045,-11.707841031149293,-11.815252416756177
2026-06-12,2615,觀察股,51.2,-5.294117647058823,-7.5294117647058885,-6.5882352941176405
2026-06-12,2603,觀察股,50.0,-15.350877192982457,-19.298245614035086,-14.692982456140353
2026-06-12,1303,觀察股,45.2,43.1924882629108,42.25352112676056,97.1830985915493
2026-06-12,2885,觀察股,44.8,7.668231611893582,2.8169014084507107,4.381846635367769
2026-06-12,3008,觀察股,44.0,28.980099502487562,8.955223880597014,6.0945273631840795
2026-06-12,2379,觀察股,44.0,45.63106796116505,26.699029126213592,22.006472491909385
2026-06-12,2327,觀察股,44.0,24.561403508771928,21.637426900584796,-9.005847953216374
2026-06-12,5880,觀察股,44.0,1.6632016632016573,3.3264033264033293,4.781704781704776
2026-06-12,2345,觀察股,42.7,11.134903640256958,0.21413276231263384,-2.355460385438972
2026-06-12,3711,觀察股,41.2,14.237288135593221,6.271186440677965,8.64406779661017
2026-06-12,2303,觀察股,41.2,19.850187265917604,22.846441947565545,13.108614232209737
2026-06-12,2301,觀察股,41.2,6.682027649769585,-2.5345622119815667,-2.0737327188940093
2026-06-12,2382,觀察股,41.2,2.1505376344086025,-1.3440860215053763,2.1505376344086025
2026-06-12,2609,觀察股,41.2,-0.19083969465649128,-1.9083969465648856,-8.396946564885493
2026-06-12,2207,觀察股,40.0,4.3383947939262475,3.7960954446854664,4.121475054229935
2026-06-15,1303,觀察股,50.0,32.05128205128205,42.30769230769231,94.44444444444444
2026-06-15,2303,觀察股,49.2,20.141342756183743,16.25441696113074,17.314487632508836
2026-06-15,3008,觀察股,48.0,13.122171945701359,-2.941176470588235,-8.597285067873303
2026-06-15,3034,觀察股,46.0,9.8989898989899,8.080808080808081,-4.646464646464646
2026-06-15,2885,觀察股,44.0,5.076923076923072,1.0769230769230813,3.076923076923077
2026-06-15,2615,觀察股,42.0,-5.7485029940119725,-5.149700598802392,-2.1556886227544876
2026-06-15,2603,觀察股,42.0,-15.812917594654788,-17.817371937639198,-11.1358574610245
2026-06-15,4938,觀察股,42.0,-3.7125748502993945,0.3592814371257451,-0.9580838323353259
2026-06-15,3711,觀察股,41.2,12.203389830508476,15.254237288135593,15.76271186440678
2026-06-15,2317,觀察股,41.2,-2.990654205607477,-6.16822429906542,-10.654205607476635
2026-06-15,2345,觀察股,41.2,0.205761316872428,2.674897119341564,-3.7037037037037033
2026-06-15,5880,觀察股,40.0,1.6563146997929694,2.898550724637693,4.968944099378894
2026-06-16,1303,觀察股,50.0,35.65217391304348,59.130434782608695,92.17391304347827
2026-06-16,2408,觀察股,47.5,4.352941176470588,-0.9411764705882352,3.294117647058824
2026-06-16,2330,觀察股,46.0,-0.4166666666666667,4.375,2.9166666666666665
2026-06-16,5880,觀察股,45.5,-0.8130081300813123,1.0162601626016259,3.658536585365848
2026-06-16,2885,觀察股,45.5,1.0703363914372914,0.9174311926605416,1.9877675840978548
2026-06-16,2303,觀察股,45.2,26.24113475177305,19.858156028368796,13.47517730496454
2026-06-16,2317,觀察股,44.7,-4.83271375464684,-7.806691449814126,-9.851301115241636
2026-06-16,2379,觀察股,44.0,18.436578171091444,22.271386430678465,5.014749262536873
2026-06-16,3034,觀察股,42.0,8.6,7.6,-5.7
2026-06-16,2615,觀察股,42.0,-3.312883435582826,-3.926380368098163,-0.9815950920245364
2026-06-16,2603,觀察股,42.0,-15.419501133786847,-15.873015873015872,-9.297052154195011
2026-06-16,2345,觀察股,41.2,-5.753968253968254,5.555555555555555,-7.936507936507936
2026-06-16,3711,觀察股,41.2,10.304054054054054,18.75,15.202702702702704
2026-06-16,1326,觀察股,40.0,10.748560460652595,8.061420345489436,32.24568138195778
2026-06-17,2379,觀察股,48.0,9.261744966442953,8.859060402684564,-3.6241610738255035
2026-06-17,1326,觀察股,48.0,10.800744878957163,15.270018621973922,23.091247672253242
2026-06-17,2408,觀察股,48.0,9.153318077803203,-6.864988558352403,-9.496567505720824
2026-06-17,2303,觀察股,46.7,27.500000000000004,18.21428571428571,2.857142857142857
2026-06-17,3034,觀察股,46.0,8.932038834951456,5.048543689320388,-10.58252427184466
2026-06-17,6505,觀察股,44.0,6.273764258555127,9.505703422053232,54.562737642585546
2026-06-17,5880,觀察股,44.0,1.41414141414142,-0.8080808080808052,2.42424242424243
2026-06-17,1303,觀察股,44.0,22.529644268774703,55.73122529644269,57.31225296442688
2026-06-17,2337,觀察股,43.2,0.0,-9.907120743034056,-22.60061919504644
2026-06-17,2330,觀察股,42.0,0.20964360587002098,3.3542976939203357,-3.9832285115303985
2026-06-17,2885,觀察股,42.0,0.0,-1.3493253373313427,-2.5487256371814135
2026-06-17,2317,觀察股,41.2,-5.330882352941177,-12.132352941176471,-13.970588235294118
2026-06-17,3711,觀察股,41.2,7.73109243697479,22.18487394957983,3.1932773109243695
2026-06-17,2609,觀察股,41.2,-0.3875968992248117,-1.1627906976744213,-4.651162790697672
2026-06-17,2345,觀察股,41.2,-4.609218436873747,10.220440881763528,-16.23246492985972
2026-06-17,2301,觀察股,41.2,2.380952380952381,5.476190476190476,-6.428571428571428
2026-06-18,2337,觀察股,51.2,-3.8461538461538463,-15.680473372781064,-30.473372781065088
2026-06-18,2885,觀察股,50.4,-2.5000000000000044,-1.17647058823529,-7.500000000000003
2026-06-18,3711,觀察股,49.2,3.0995106035889073,11.256117455138662,-2.6101141924959217
2026-06-18,3034,觀察股,48.3,-1.3565891472868217,4.263565891472868,-11.24031007751938
2026-06-18,2408,觀察股,48.0,-2.2850924918389555,-10.88139281828074,-17.08378672470076
2026-06-18,2330,觀察股,46.8,-2.904564315352697,1.4522821576763485,-3.7344398340248963
2026-06-18,2303,觀察股,45.2,12.714776632302405,17.18213058419244,-10.652920962199312
2026-06-18,1301,觀察股,44.8,0.9671179883945841,20.116054158607348,17.214700193423592
2026-06-18,1303,觀察股,44.0,6.474820143884892,41.726618705035975,34.172661870503596
2026-06-18,1326,觀察股,44.0,0.0,25.46125461254612,18.45018450184502
2026-06-18,6505,觀察股,44.0,0.0,10.09345794392523,45.23364485981309
2026-06-18,2609,觀察股,43.2,-2.3391812865496995,2.1442495126705685,-4.483430799220268
2026-06-18,2345,觀察股,41.2,-2.2587268993839835,12.320328542094455,-14.168377823408623
2026-06-18,2317,觀察股,41.2,-7.4487895716946,-10.42830540037244,-12.66294227188082
2026-06-18,2301,觀察股,41.2,-4.275534441805226,4.038004750593824,-8.076009501187649
2026-06-18,2412,觀察股,40.8,-0.6944444444444444,-2.083333333333333,-3.4722222222222223
2026-06-18,5880,觀察股,40.0,-0.20202020202020488,-0.20202020202020488,3.0303030303030303
2026-06-19,3711,觀察股,52.0,3.0995106035889073,11.256117455138662,-2.6101141924959217
2026-06-19,2337,觀察股,51.2,-3.8461538461538463,-15.680473372781064,-30.473372781065088
2026-06-19,2885,觀察股,48.0,-2.5000000000000044,-1.17647058823529,-7.500000000000003
2026-06-19,2408,觀察股,48.0,-2.2850924918389555,-10.88139281828074,-17.08378672470076
2026-06-19,3034,觀察股,46.8,-1.3565891472868217,4.263565891472868,-11.24031007751938
2026-06-19,2330,觀察股,46.8,-2.904564315352697,1.4522821576763485,-3.7344398340248963
2026-06-19,2303,觀察股,46.7,12.714776632302405,17.18213058419244,-10.652920962199312
2026-06-19,1301,觀察股,44.8,0.9671179883945841,20.116054158607348,17.214700193423592
2026-06-19,1303,觀察股,44.0,6.474820143884892,41.726618705035975,34.172661870503596
2026-06-19,1326,觀察股,44.0,0.0,25.46125461254612,18.45018450184502
2026-06-19,5880,觀察股,41.5,-0.20202020202020488,-0.20202020202020488,3.0303030303030303
2026-06-19,6505,觀察股,41.2,0.0,10.09345794392523,45.23364485981309
2026-06-19,2609,觀察股,41.2,-2.3391812865496995,2.1442495126705685,-4.483430799220268
2026-06-19,2317,觀察股,41.2,-7.4487895716946,-10.42830540037244,-12.66294227188082
2026-06-19,2301,觀察股,41.2,-4.275534441805226,4.038004750593824,-8.076009501187649
2026-06-19,2345,觀察股,41.2,-2.2587268993839835,12.320328542094455,-14.168377823408623
2026-06-19,2412,觀察股,40.8,-0.6944444444444444,-2.083333333333333,-3.4722222222222223
2026-06-22,3711,觀察股,54.0,-6.973293768545995,0.741839762611276,-6.083086053412463
2026-06-22,2303,觀察股,54.0,2.5,3.75,-15.937499999999998
2026-06-22,2337,觀察股,51.2,-14.555256064690028,-22.10242587601078,-33.692722371967655
2026-06-22,2330,觀察股,50.8,-5.577689243027888,-1.9920318725099602,-3.9840637450199203
2026-06-22,2345,觀察股,49.2,-9.826589595375722,1.9267822736030826,-14.450867052023122
2026-06-22,2408,觀察股,48.0,-10.297029702970297,-16.732673267326735,-19.801980198019802
2026-06-22,6415,觀察股,48.0,-11.144130757800893,-7.87518573551263,-31.426448736998513
2026-06-22,2891,觀察股,44.0,-0.2836879432624154,1.2765957446808591,-11.06382978723404
2026-06-22,1303,觀察股,44.0,-0.6557377049180327,21.311475409836063,28.196721311475407
2026-06-22,2317,觀察股,41.2,-8.193668528864059,-9.869646182495345,-8.379888268156424
2026-06-22,2301,觀察股,41.2,-8.639308855291576,-3.2397408207343417,-10.583153347732182
2026-06-22,1326,觀察股,41.2,-2.3131672597864843,20.28469750889678,22.064056939501764
2026-06-22,6505,觀察股,41.2,2.407407407407402,10.185185185185185,58.14814814814816
2026-06-22,2609,觀察股,41.2,-1.7208413001912017,1.3384321223709423,-2.6768642447418713
2026-06-22,1301,觀察股,40.8,1.5267175572519165,15.267175572519085,20.229007633587788
2026-06-22,2412,觀察股,40.8,-1.7301038062283738,-2.0761245674740483,-3.8062283737024223
2026-06-22,3034,觀察股,40.8,-7.760141093474426,-5.114638447971781,-16.049382716049383
2026-06-22,1590,觀察股,40.0,-2.867383512544803,-0.7168458781362007,-2.5089605734767026
2026-06-22,5880,觀察股,40.0,1.6359918200409087,1.6359918200409087,5.112474437627812
2026-06-23,2303,強力候選,55.5,-3.2352941176470593,-8.823529411764707,-18.235294117647058
2026-06-23,3711,觀察股,50.0,2.719033232628399,-1.6616314199395772,-0.906344410876133
2026-06-23,1590,觀察股,48.0,-2.909090909090909,0.36363636363636365,4.0
2026-06-23,2337,觀察股,47.2,-9.593023255813954,-19.186046511627907,-21.511627906976745
2026-06-23,2408,觀察股,47.2,-0.44004400440044,-11.331133113311331,-1.9801980198019802
2026-06-23,2330,觀察股,46.8,-3.2128514056224895,-2.0080321285140563,-3.614457831325301
2026-06-23,3034,觀察股,46.8,-1.6544117647058825,-2.389705882352941,-7.904411764705882
2026-06-23,2891,觀察股,46.4,-1.933701657458571,-3.038674033149175,-11.602209944751388
2026-06-23,1303,觀察股,45.5,7.766990291262135,7.766990291262135,34.627831715210355
2026-06-23,2885,觀察股,45.5,-3.8067349926793477,2.1961932650073206,-7.613469985358706
2026-06-23,6415,觀察股,45.5,-7.286821705426356,-13.178294573643413,-25.03875968992248
2026-06-23,2002,觀察股,44.8,-2.083333333333326,-3.124999999999989,-1.8229166666666556
2026-06-23,2327,觀察股,44.0,11.76470588235294,-11.27450980392157,-31.07843137254902
2026-06-23,3045,觀察股,43.6,-2.100840336134454,-2.100840336134454,-5.46218487394958
2026-06-23,2454,觀察股,42.3,-6.39470782800441,-11.13561190738699,-15.104740904079383
2026-06-23,2345,觀察股,42.0,2.4640657084188913,0.8213552361396305,-6.160164271047227
2026-06-23,8046,觀察股,41.2,30.363036303630363,13.31133113311331,43.56435643564357
2026-06-23,1326,觀察股,41.2,2.824858757062147,19.20903954802259,32.956685499058366
2026-06-23,2301,觀察股,41.2,-0.6711409395973155,-4.697986577181208,-2.460850111856823
2026-06-23,2412,觀察股,40.8,-1.7361111111111112,-2.083333333333333,-3.8194444444444446
2026-06-23,1301,觀察股,40.8,9.989909182643801,15.640766902119072,28.153380423814333
2026-06-23,2207,觀察股,40.0,-4.020618556701031,-2.88659793814433,1.443298969072165
2026-06-23,5880,觀察股,40.0,1.2219959266802474,1.4256619144602765,4.0733197556008145
2026-06-24,3711,觀察股,50.0,7.656967840735068,-4.287901990811639,-0.6125574272588056
2026-06-24,5880,觀察股,50.0,1.844262295081979,2.8688524590164053,4.918032786885258
2026-06-24,2337,觀察股,47.2,-16.569767441860463,-19.476744186046513,-24.709302325581394
2026-06-24,3034,觀察股,46.8,-0.9208103130755065,0.1841620626151013,-7.366482504604052
2026-06-24,2330,觀察股,46.8,4.811715481171548,3.1380753138075312,0.6276150627615062
2026-06-24,2303,觀察股,46.4,-5.056179775280898,-8.426966292134832,-22.191011235955056
2026-06-24,2884,觀察股,45.5,-6.0000000000000036,-0.7142857142857143,1.857142857142853
2026-06-24,1301,觀察股,44.8,-0.3669724770642254,6.422018348623854,21.467889908256886
2026-06-24,2885,觀察股,44.0,-0.15128593040846344,8.169440242057497,-4.236006051437212
2026-06-24,2207,觀察股,44.0,-2.6178010471204187,0.6282722513089005,3.0366492146596857
2026-06-24,6415,觀察股,44.0,-2.809917355371901,-8.925619834710744,-21.5702479338843
2026-06-24,3008,觀察股,44.0,-11.63265306122449,-19.387755102040817,-15.510204081632653
2026-06-24,1590,觀察股,44.0,-0.7220216606498195,-2.888086642599278,1.444043321299639
2026-06-24,2379,觀察股,44.0,3.23785803237858,1.7434620174346203,-7.22291407222914
2026-06-24,2408,觀察股,44.0,-5.0732807215332585,-10.710259301014656,-3.9458850056369785
2026-06-24,3045,觀察股,43.6,-1.2552301255230125,-5.439330543933055,-6.2761506276150625
2026-06-24,2002,觀察股,42.8,-3.6175710594315387,-3.359173126614998,-1.2919896640826873
2026-06-24,2345,觀察股,42.0,12.0,1.6842105263157894,-2.1052631578947367
2026-06-24,2609,觀察股,41.2,-1.744186046511625,1.3565891472868135,-2.131782945736437
2026-06-24,1326,觀察股,41.2,-2.4263431542461102,12.131715771230501,24.263431542461003
2026-06-24,6505,觀察股,41.2,-2.898550724637684,7.608695652173905,68.84057971014492
2026-06-24,8046,觀察股,41.2,23.036649214659686,15.706806282722512,28.79581151832461
2026-06-24,2301,觀察股,41.2,1.3856812933025404,-1.1547344110854503,0.6928406466512702
2026-06-24,1303,觀察股,40.0,17.307692307692307,16.666666666666664,26.282051282051285
2026-06-25,5880,強力候選,55.5,-2.1912350597609587,0.19920318725098468,
2026-06-25,3711,觀察股,50.0,13.416536661466457,5.61622464898596,
2026-06-25,2337,觀察股,47.2,-9.907120743034056,-11.145510835913312,
2026-06-25,2330,觀察股,46.8,3.1380753138075312,1.0460251046025104,
2026-06-25,2379,觀察股,45.5,-0.36855036855036855,3.194103194103194,
2026-06-25,1326,觀察股,45.2,4.0336134453781485,0.8403361344537815,
2026-06-25,8046,觀察股,45.2,9.569377990430622,16.267942583732058,
2026-06-25,1301,觀察股,44.8,2.9310344827586254,-5.51724137931035,
2026-06-25,1590,觀察股,44.0,0.0,-7.913669064748201,
2026-06-25,2884,觀察股,44.0,-4.936530324400564,-1.9746121297602333,
2026-06-25,2408,觀察股,44.0,-14.675052410901468,-8.70020964360587,
2026-06-25,6415,觀察股,44.0,1.4634146341463417,-14.959349593495935,
2026-06-25,6505,觀察股,41.2,3.0411449016100227,5.187835420393558,
2026-06-25,4938,觀察股,41.2,-3.2558139534883686,-3.8372093023255784,
2026-06-25,2609,觀察股,41.2,-0.7782101167315147,0.3891050583657643,
2026-06-25,2207,觀察股,40.0,-3.229166666666667,-0.7291666666666666,
2026-06-25,2303,觀察股,40.0,-7.282913165266107,-12.605042016806722,
2026-06-25,1303,觀察股,40.0,27.09677419354839,17.096774193548388,
2026-06-26,1590,強力候選,58.9,5.88235294117647,-2.941176470588235,
2026-06-26,5880,強力候選,57.8,0.0,2.0242914979757085,
2026-06-26,2883,強力候選,57.2,-4.849498327759195,-0.33444816053510995,
2026-06-26,3711,強力候選,57.1,7.9113924050632916,6.012658227848101,
2026-06-26,2303,強力候選,56.0,3.9634146341463414,-6.402439024390244,
2026-06-26,1326,觀察股,54.4,25.46125461254612,19.926199261992615,
2026-06-26,1301,觀察股,52.0,18.965517241379306,15.32567049808429,
2026-06-26,3034,觀察股,51.6,5.697445972495088,-8.153241650294696,
2026-06-26,3045,觀察股,49.2,-1.6877637130801686,-7.59493670886076,
2026-06-26,6505,觀察股,49.0,10.09345794392523,17.943925233644862,
2026-06-26,8046,觀察股,48.2,5.333333333333334,12.88888888888889,
2026-06-26,2884,觀察股,47.5,-2.460202604920389,0.14471780028944795,
2026-06-26,3008,觀察股,47.5,-10.38135593220339,-7.944915254237288,
2026-06-26,2327,觀察股,47.5,2.955665024630542,-19.60591133004926,
2026-06-26,2408,觀察股,47.5,-8.797327394209354,-5.79064587973274,
2026-06-26,2207,觀察股,47.4,-1.6632016632016633,-1.2474012474012475,
2026-06-26,2337,觀察股,43.9,-12.307692307692308,-15.076923076923077,
2026-06-26,2891,觀察股,43.6,0.42674253200568585,-5.405405405405402,
2026-06-26,2885,觀察股,43.6,1.357466063348425,3.0165912518853695,
2026-06-26,1303,觀察股,43.2,33.108108108108105,34.7972972972973,
2026-06-26,2002,觀察股,41.8,-0.2631578947368458,-3.157894736842113,
2026-06-26,2379,觀察股,41.5,5.810810810810811,2.1621621621621623,
2026-06-29,3711,強力候選,56.2,8.293460925039872,2.2328548644338118,
2026-06-29,6505,觀察股,53.0,7.594936708860765,19.710669077757696,
2026-06-29,1590,觀察股,52.3,2.214022140221402,-4.797047970479705,
2026-06-29,8046,觀察股,51.4,-0.4629629629629629,19.444444444444446,
2026-06-29,2207,觀察股,49.6,-0.41797283176593525,0.3134796238244514,
2026-06-29,5880,觀察股,49.2,0.0,1.4084507042253436,
2026-06-29,3034,觀察股,49.0,2.8680688336520075,-10.51625239005736,
2026-06-29,2379,觀察股,47.5,-1.7879948914431671,-3.7037037037037033,
2026-06-29,2408,觀察股,47.5,-7.174392935982341,-1.1037527593818985,
2026-06-29,6415,觀察股,47.0,3.678929765886288,-17.474916387959865,
2026-06-29,1301,觀察股,46.3,13.533834586466156,19.548872180451124,
2026-06-29,4938,觀察股,45.5,2.7980535279805316,-0.12165450121655538,
2026-06-29,3045,觀察股,45.0,-0.423728813559322,-7.627118644067797,
2026-06-29,2337,觀察股,44.6,-8.832807570977918,-11.987381703470032,
2026-06-29,2303,觀察股,44.4,1.2195121951219512,-7.926829268292683,
2026-06-29,2330,觀察股,44.3,3.79746835443038,2.109704641350211,
2026-06-29,1303,觀察股,43.2,22.112211221122113,38.613861386138616,
2026-06-29,2885,觀察股,42.9,4.109589041095894,1.5220700152207,
2026-06-29,1326,觀察股,41.8,23.132969034608372,22.040072859744996,
2026-06-29,2891,觀察股,41.7,1.5647226173542084,-7.539118065433851,
2026-06-29,2884,觀察股,40.5,-0.14492753623187582,0.0,
2026-06-29,2883,觀察股,40.2,-2.192242833052272,-0.5059021922428283,
2026-06-30,5880,強力候選,60.7,0.20120724346075317,2.0120724346076457,
2026-06-30,3017,觀察股,51.2,-2.9702970297029703,-14.257425742574256,
2026-06-30,6505,觀察股,50.1,5.26315789473684,32.123411978221405,
2026-06-30,2609,觀察股,50.0,-1.7307692307692282,-3.4615384615384563,
2026-06-30,3034,觀察股,49.6,-0.7476635514018692,-11.775700934579438,
2026-06-30,1326,觀察股,48.7,15.934065934065925,29.67032967032966,
2026-06-30,2395,觀察股,48.6,0.9146341463414633,8.333333333333332,
2026-06-30,2379,觀察股,47.5,-3.722084367245657,-6.575682382133994,
2026-06-30,2408,觀察股,47.5,-10.939226519337018,6.2983425414364635,
2026-06-30,2345,觀察股,47.2,-1.6032064128256511,-6.212424849699398,
2026-06-30,3711,觀察股,47.2,-4.264705882352941,0.4411764705882353,
2026-06-30,2330,觀察股,46.3,1.2448132780082988,1.2448132780082988,
2026-06-30,1301,觀察股,46.3,5.1376146788990775,20.550458715596335,
2026-06-30,8046,觀察股,46.1,-13.080168776371309,19.40928270042194,
2026-06-30,1303,觀察股,46.0,0.0,36.63663663663664,
2026-06-30,2353,觀察股,45.7,-3.3232628398791584,-6.193353474320244,
2026-06-30,6415,觀察股,45.3,-6.354515050167224,-15.719063545150503,
2026-06-30,2301,觀察股,45.2,-4.054054054054054,-2.7027027027027026,
2026-06-30,2303,觀察股,44.4,-5.775075987841945,0.911854103343465,
2026-06-30,1590,觀察股,43.4,3.3707865168539324,2.247191011235955,
2026-06-30,2886,觀察股,43.0,1.5184381778741773,-0.21691973969631545,
2026-06-30,2891,觀察股,42.3,-1.1267605633802777,-10.56338028169014,
2026-06-30,2885,觀察股,41.7,6.240487062404862,1.9786910197869059,
2026-06-30,4938,觀察股,41.6,-1.7899761336515514,-1.3126491646777976,
2026-06-30,2883,觀察股,41.3,4.878048780487813,5.0522648083623665,
2026-06-30,2884,觀察股,40.5,0.14513788098692934,0.0,
2026-06-30,2615,觀察股,40.4,-2.7777777777777812,3.1565656565656566,
2026-07-01,2345,強力候選,59.5,-9.210526315789473,-12.781954887218044,
2026-07-01,5880,強力候選,57.4,1.0060362173038229,2.6156941649899337,
2026-07-01,3017,觀察股,53.5,-11.259541984732824,-15.076335877862595,
2026-07-01,1590,觀察股,52.3,-2.181818181818182,-1.8181818181818181,
2026-07-01,2330,觀察股,51.8,-1.5968063872255487,-1.3972055888223553,
2026-07-01,1303,觀察股,51.6,-0.546448087431694,20.76502732240437,
2026-07-01,3711,觀察股,49.4,-11.095305832147938,-2.987197724039829,
2026-07-01,3034,觀察股,49.0,1.1152416356877324,-12.360594795539033,
2026-07-01,2379,觀察股,48.6,-1.4475271411338964,-14.11338962605549,
2026-07-01,2301,觀察股,48.1,-2.5056947608200453,-0.683371298405467,
2026-07-01,1301,觀察股,47.5,6.813996316758754,20.810313075506443,
2026-07-01,6505,觀察股,47.0,10.820895522388053,49.25373134328358,
2026-07-01,2395,觀察股,46.6,8.548707753479125,5.36779324055666,
2026-07-01,2303,觀察股,45.6,-3.5502958579881656,-5.325443786982249,
2026-07-01,6669,觀察股,44.4,0.29791459781529295,1.5888778550148956,
2026-07-01,1326,觀察股,43.9,14.92007104795738,22.38010657193607,
2026-07-01,8046,觀察股,43.6,-5.957446808510639,8.51063829787234,
2026-07-01,2891,觀察股,42.6,0.9915014164305991,-10.764872521246453,
2026-07-01,2360,觀察股,42.1,-18.28193832599119,-12.334801762114537,
2026-07-01,2317,觀察股,41.9,-4.233870967741935,-2.217741935483871,
2026-07-01,2353,觀察股,41.8,0.6230529595015444,-4.205607476635518,
2026-07-01,6415,觀察股,41.7,-6.292517006802721,-19.5578231292517,
2026-07-01,2885,觀察股,41.7,8.333333333333332,1.0606060606060648,
2026-07-01,2327,觀察股,41.1,-21.842105263157897,-31.929824561403507,
2026-07-02,3017,強力候選,60.5,-14.233576642335766,-19.708029197080293,
2026-07-02,2395,觀察股,53.6,5.88235294117647,0.5882352941176471,
2026-07-02,6505,觀察股,53.2,2.083333333333326,41.14583333333333,
2026-07-02,2345,觀察股,53.0,-10.181818181818182,-24.0,
2026-07-02,1303,觀察股,52.8,-7.868020304568528,1.015228426395939,
2026-07-02,2330,觀察股,50.4,-2.028397565922921,-7.099391480730223,
2026-07-02,3711,觀察股,49.2,-6.87757909215956,-15.543328748280604,
2026-07-02,5880,觀察股,49.2,2.44399185336048,3.258655804480654,
2026-07-02,2301,觀察股,48.1,-3.611738148984198,-11.286681715575622,
2026-07-02,6669,觀察股,47.5,-3.076923076923077,-11.153846153846155,
2026-07-02,2892,觀察股,47.5,4.672897196261682,6.230529595015576,
2026-07-02,2379,觀察股,47.5,3.5758323057953145,-11.467324290998766,
2026-07-02,2886,觀察股,44.8,1.5217391304347887,3.4782608695652204,
2026-07-02,6415,觀察股,44.5,-16.185897435897438,-30.288461538461537,
2026-07-02,2303,觀察股,44.4,-5.740181268882175,-12.990936555891238,
2026-07-02,8046,觀察股,43.6,6.11353711790393,0.43668122270742354,
2026-07-02,1590,觀察股,43.0,-7.913669064748201,-8.992805755395683,
2026-07-02,3034,觀察股,42.0,0.18484288354898337,-14.87985212569316,
2026-07-02,2327,觀察股,41.7,-14.691943127962084,-33.74407582938389,
2026-07-02,1301,觀察股,41.6,-8.207705192629824,5.192629815745383,
2026-07-02,3045,觀察股,41.2,-8.438818565400844,-6.329113924050633,
2026-07-02,2353,觀察股,40.4,1.5625,-7.499999999999996,
2026-07-03,2345,強力候選,58.2,-12.065813528336381,-23.583180987202926,
2026-07-03,2609,強力候選,57.8,-4.389312977099231,-6.488549618320608,
2026-07-03,3017,強力候選,55.6,-19.384057971014492,-22.644927536231883,
2026-07-03,2301,強力候選,55.1,1.36986301369863,-11.643835616438356,
2026-07-03,6669,觀察股,54.5,-5.7929724596391265,-11.016144349477683,
2026-07-03,6505,觀察股,53.6,7.130730050933791,31.91850594227505,
2026-07-03,2395,觀察股,52.9,2.8790786948176583,-0.9596928982725527,
2026-07-03,3711,觀察股,52.8,-1.7595307917888565,-12.463343108504398,
2026-07-03,1590,觀察股,52.6,-8.333333333333332,-7.291666666666667,
2026-07-03,2615,觀察股,52.2,-4.347826086956514,-2.7777777777777746,
2026-07-03,2330,觀察股,51.0,-0.2044989775051125,-5.112474437627812,
2026-07-03,2105,觀察股,50.8,2.1772939346811913,3.265940902021786,
2026-07-03,5880,觀察股,49.2,2.0242914979757085,3.2388663967611366,
2026-07-03,1303,觀察股,48.0,1.2690355329949239,-5.32994923857868,
2026-07-03,1326,觀察股,46.0,-4.411764705882353,-5.588235294117643,
2026-07-03,8046,觀察股,45.7,7.172995780590717,-6.751054852320674,
2026-07-03,2382,觀察股,45.6,0.2652519893899204,-16.180371352785148,
2026-07-03,2360,觀察股,44.2,-18.322295805739515,-18.984547461368653,
2026-07-03,2353,觀察股,43.2,-2.8875379939209704,-11.094224924012154,
2026-07-03,4938,觀察股,42.8,-1.1961722488038278,-4.3062200956937735,
2026-07-03,3034,觀察股,42.0,-13.104089219330856,-14.869888475836431,
2026-07-03,2327,觀察股,41.7,-21.913875598086126,-39.71291866028708,
2026-07-03,2892,觀察股,40.5,3.8580246913580254,4.783950617283964,
2026-07-03,2379,觀察股,40.5,-3.4482758620689653,-9.450830140485312,
2026-07-03,1301,觀察股,40.4,-3.0595813204508833,-2.4154589371980677,
2026-07-06,2609,強力候選,61.1,-9.433962264150944,-3.962264150943399,
2026-07-06,2345,強力候選,58.2,-13.799621928166353,-16.068052930056712,
2026-07-06,3017,觀察股,54.4,-20.59925093632959,-13.108614232209737,
2026-07-06,2354,觀察股,54.2,-4.62328767123287,-5.479452054794513,
2026-07-06,2395,觀察股,52.3,2.7184466019417477,10.097087378640776,
2026-07-06,1590,觀察股,52.0,-6.859205776173286,-1.8050541516245486,
2026-07-06,3711,觀察股,52.0,-5.596465390279824,-6.774668630338733,
2026-07-06,2301,觀察股,51.6,-5.133928571428571,-7.5892857142857135,
2026-07-06,6669,觀察股,51.0,-2.5819265143992056,-0.6951340615690168,
2026-07-06,2330,觀察股,51.0,-1.6260162601626018,-2.0325203252032518,
2026-07-06,6505,觀察股,50.1,11.260504201680677,43.52941176470589,
2026-07-06,8046,觀察股,49.6,20.0,10.69767441860465,
2026-07-06,5880,觀察股,49.2,1.4084507042253436,3.4205231388329893,
2026-07-06,2105,觀察股,49.0,0.30721966205837614,-0.9216589861751066,
2026-07-06,2615,觀察股,48.8,-0.7499999999999929,6.500000000000003,
2026-07-06,1301,觀察股,47.7,5.298013245033117,4.304635761589407,
2026-07-06,4938,觀察股,46.4,-2.8402366863905395,-2.011834319526631,
2026-07-06,2891,觀察股,46.1,-8.963585434173677,-12.184873949579835,
2026-07-06,2382,觀察股,46.1,0.5291005291005291,-14.285714285714285,
2026-07-06,2885,觀察股,46.1,-2.4853801169590684,-10.38011695906434,
2026-07-06,1303,觀察股,46.0,13.513513513513514,5.675675675675676,
2026-07-06,2884,觀察股,45.1,0.14513788098692934,7.256894049346879,
2026-07-06,3034,觀察股,45.0,-13.011152416356877,-11.524163568773234,
2026-07-06,2303,觀察股,44.1,-9.036144578313253,-18.97590361445783,
2026-07-06,2892,觀察股,43.3,1.5128593040847202,4.236006051437234,
2026-07-06,3036,觀察股,42.6,-7.077625570776255,-10.50228310502283,
2026-07-06,6415,觀察股,42.5,-20.403225806451612,-25.564516129032256,
2026-07-06,2327,觀察股,41.7,-22.587064676616915,-33.33333333333333,
2026-07-06,2379,觀察股,40.5,-1.950585175552666,-2.080624187256177,
2026-07-06,2207,觀察股,40.2,0.7345225603357817,3.2528856243441764,
2026-07-07,2105,強力候選,56.0,1.232665639445296,-3.69799691833591,
2026-07-07,2395,強力候選,55.8,7.351460221550855,20.040281973816718,
2026-07-07,2885,觀察股,54.2,-4.011461318051572,-9.598853868194837,
2026-07-07,5880,觀察股,53.2,1.807228915662662,2.610441767068282,
2026-07-07,1590,觀察股,52.0,-1.0869565217391304,3.6231884057971016,
2026-07-07,3711,觀察股,52.0,4.915514592933948,0.7680491551459293,
2026-07-07,3017,觀察股,51.6,-11.63265306122449,-7.551020408163265,
2026-07-07,6669,觀察股,51.0,1.5952143569292123,9.67098703888335,
2026-07-07,2609,觀察股,51.0,-1.76125244618395,0.5870841487279788,
2026-07-07,2354,觀察股,50.6,-0.8787346221441126,-1.405975395430575,
2026-07-07,2345,觀察股,50.2,-4.684317718940937,-6.924643584521386,
2026-07-07,8046,觀察股,49.6,37.37864077669903,26.699029126213592,
2026-07-07,6505,觀察股,48.7,25.51724137931034,46.72413793103447,
2026-07-07,1326,觀察股,48.3,11.848341232227488,11.532385466034752,
2026-07-07,1301,觀察股,46.3,14.659685863874355,10.820244328097736,
2026-07-07,2892,觀察股,46.1,-0.6006006006005878,3.303303303303308,
2026-07-07,1303,觀察股,46.0,36.63663663663664,24.924924924924923,
2026-07-07,2301,觀察股,45.8,1.4084507042253522,2.3474178403755865,
2026-07-07,2303,觀察股,45.3,7.096774193548387,-10.32258064516129,
2026-07-07,3034,觀察股,45.0,-11.11111111111111,-5.649717514124294,
2026-07-07,2884,觀察股,44.8,-0.14492753623187582,4.492753623188397,
2026-07-07,2382,觀察股,44.7,2.1447721179624666,-11.796246648793565,
2026-07-07,2330,觀察股,44.0,0.0,-1.639344262295082,
2026-07-07,2883,觀察股,42.2,0.16611295681062177,1.1627906976744116,
2026-07-07,2886,觀察股,41.6,-1.7094017094017033,2.991452991453004,
2026-07-07,3036,觀察股,41.4,-6.5420560747663545,-7.710280373831775,
2026-07-07,2615,觀察股,41.0,6.1038961038961075,10.519480519480512,
2026-07-07,2379,觀察股,40.5,-2.9639175257731956,-4.252577319587629,
2026-07-07,2882,觀察股,40.4,-0.41237113402062436,-0.20618556701031218,
2026-07-07,2327,觀察股,40.0,-11.823204419889503,-22.320441988950275,
2026-07-07,4938,觀察股,40.0,0.4860267314702378,2.5516403402187224,
2026-07-08,2354,強力候選,61.1,-2.590673575129534,-1.5544041450777177,
2026-07-08,2609,強力候選,59.4,-4.0152963671128,-3.4416826003824035,
2026-07-08,2892,強力候選,58.4,-0.43988269794720986,0.14662756598239635,
2026-07-08,2395,強力候選,57.3,-2.93040293040293,9.89010989010989,
2026-07-08,6505,強力候選,55.7,34.680134680134685,56.90235690235691,
2026-07-08,5880,觀察股,54.6,1.5936254980079625,1.9920318725099602,
2026-07-08,2207,觀察股,54.0,2.6014568158168574,2.3933402705515086,
2026-07-08,2885,觀察股,53.7,-6.713286713286709,-11.468531468531472,
2026-07-08,6669,觀察股,53.4,1.2871287128712872,8.316831683168317,
2026-07-08,2884,觀察股,51.6,0.43165467625898873,2.5899280575539527,
2026-07-08,3034,觀察股,50.6,-13.32720588235294,-7.536764705882352,
2026-07-08,8046,觀察股,49.6,15.384615384615385,11.312217194570136,
2026-07-08,2603,觀察股,49.4,2.0408163265306123,3.826530612244898,
2026-07-08,1590,觀察股,48.6,0.37174721189591076,4.4609665427509295,
2026-07-08,3017,觀察股,47.9,-4.301075268817205,4.946236559139785,
2026-07-08,2891,觀察股,47.8,-11.640953716690039,-10.939691444600278,
2026-07-08,1326,觀察股,47.5,6.4914992272024765,10.819165378670787,
2026-07-08,2615,觀察股,47.3,1.6372795969773264,6.423173803526441,
2026-07-08,2330,觀察股,46.8,0.2028397565922921,-2.434077079107505,
2026-07-08,2379,觀察股,46.1,-12.851897184822523,-8.812729498164016,
2026-07-08,2303,觀察股,45.3,-1.8404907975460123,-15.030674846625766,
2026-07-08,2382,觀察股,44.7,-6.631299734748011,-10.875331564986737,
2026-07-08,2301,觀察股,44.4,1.8691588785046727,1.8691588785046727,
2026-07-08,2105,觀察股,43.8,4.1925465838509135,-3.105590062111812,
2026-07-08,2345,觀察股,43.2,-3.9337474120082816,-3.7267080745341614,
2026-07-08,4938,觀察股,42.8,-0.7159904534606137,4.057279236276857,
2026-07-08,2353,觀察股,41.8,-4.798761609907112,-6.656346749226002,
2026-07-08,1301,觀察股,41.5,13.103448275862059,14.137931034482765,
2026-07-08,3711,觀察股,41.2,9.120000000000001,3.84,
2026-07-08,1303,觀察股,41.2,21.428571428571427,8.241758241758241,
2026-07-08,2886,觀察股,40.2,-0.4273504273504183,2.8846153846153877,
2026-07-08,3036,觀察股,40.0,-6.88836104513064,-1.4251781472684086,
2026-07-08,6415,觀察股,40.0,-14.156079854809436,-13.883847549909255,
2026-07-09,2609,強力候選,56.8,-4.651162790697672,,
2026-07-09,5880,強力候選,56.7,0.7952286282306277,,
2026-07-09,2395,強力候選,55.0,-5.0,,
2026-07-09,6505,強力候選,55.0,38.26530612244898,,
2026-07-09,2207,觀察股,54.9,1.993704092339979,,
2026-07-09,2354,觀察股,54.1,-5.263157894736842,,
2026-07-09,6669,觀察股,53.4,-8.333333333333332,,
2026-07-09,2892,觀察股,53.1,1.488095238095238,,
2026-07-09,2615,觀察股,51.0,-1.1194029850746339,,
2026-07-09,1326,觀察股,49.6,10.166666666666657,,
2026-07-09,2603,觀察股,48.8,1.7994858611825193,,
2026-07-09,2105,觀察股,48.2,3.7037037037037126,,
2026-07-09,3711,觀察股,47.4,-9.30576070901034,,
2026-07-09,3034,觀察股,46.4,-15.036900369003689,,
2026-07-09,2885,觀察股,46.1,-4.831625183016102,,
2026-07-09,2884,觀察股,45.7,1.0071942446043207,,
2026-07-09,2408,觀察股,45.6,-9.184845005740529,,
2026-07-09,1303,觀察股,45.4,9.641873278236915,,
2026-07-09,2883,觀察股,44.9,-0.16638935108153316,,
2026-07-09,2379,觀察股,44.7,-14.523809523809526,,
2026-07-09,2301,觀察股,44.4,-7.962529274004685,,
2026-07-09,2345,觀察股,43.2,-15.384615384615385,,
2026-07-09,2330,觀察股,43.1,-5.175983436853002,,
2026-07-09,2303,觀察股,42.4,-7.6923076923076925,,
2026-07-09,2886,觀察股,42.2,1.9271948608137013,,
2026-07-09,2353,觀察股,41.8,-8.923076923076918,,
2026-07-09,4938,觀察股,41.6,-0.6045949214026602,,
2026-07-09,1590,觀察股,41.6,-1.171875,,
2026-07-09,8046,觀察股,40.8,-5.349794238683128,,
2026-07-09,2382,觀察股,40.5,-12.851405622489958,,
2026-07-10,5880,強力候選,56.7,0.7952286282306277,,
2026-07-10,6505,強力候選,55.0,38.26530612244898,,
2026-07-10,2207,觀察股,54.9,1.993704092339979,,
2026-07-10,2609,觀察股,54.7,-4.651162790697672,,
2026-07-10,2395,觀察股,54.4,-5.0,,
2026-07-10,2354,觀察股,54.1,-5.263157894736842,,
2026-07-10,6669,觀察股,53.4,-8.333333333333332,,
2026-07-10,2892,觀察股,53.1,1.488095238095238,,
2026-07-10,1326,觀察股,52.0,10.166666666666657,,
2026-07-10,2615,觀察股,51.0,-1.1194029850746339,,
2026-07-10,1303,觀察股,49.3,9.641873278236915,,
2026-07-10,2603,觀察股,48.8,1.7994858611825193,,
2026-07-10,2105,觀察股,48.2,3.7037037037037126,,
2026-07-10,3711,觀察股,47.4,-9.30576070901034,,
2026-07-10,3034,觀察股,46.4,-15.036900369003689,,
2026-07-10,2885,觀察股,46.1,-4.831625183016102,,
2026-07-10,2884,觀察股,45.7,1.0071942446043207,,
2026-07-10,2408,觀察股,45.6,-9.184845005740529,,
2026-07-10,2883,觀察股,44.9,-0.16638935108153316,,
2026-07-10,2379,觀察股,44.7,-14.523809523809526,,
2026-07-10,2301,觀察股,44.4,-7.962529274004685,,
2026-07-10,2345,觀察股,43.2,-15.384615384615385,,
2026-07-10,2330,觀察股,42.6,-5.175983436853002,,
2026-07-10,2303,觀察股,42.4,-7.6923076923076925,,
2026-07-10,2886,觀察股,42.2,1.9271948608137013,,
2026-07-10,2353,觀察股,41.8,-8.923076923076918,,
2026-07-10,1590,觀察股,41.6,-1.171875,,
2026-07-10,8046,觀察股,40.8,-5.349794238683128,,
2026-07-10,2382,觀察股,40.5,-12.851405622489958,,
2026-07-10,1301,觀察股,40.5,14.598540145985403,,
2026-07-10,2337,觀察股,40.3,-12.89198606271777,,
2026-07-13,6505,強力候選,61.3,23.1378763866878,,
2026-07-13,2301,觀察股,53.6,-12.837837837837837,,
2026-07-13,5880,觀察股,53.2,1.1904761904761934,,
2026-07-13,2892,觀察股,53.1,0.8915304606240841,,
2026-07-13,2395,觀察股,51.7,-3.731343283582089,,
2026-07-13,2207,觀察股,51.4,3.1578947368421053,,
2026-07-13,2603,觀察股,50.6,0.5128205128205128,,
2026-07-13,2354,觀察股,49.4,-4.593639575971734,,
2026-07-13,1326,觀察股,49.0,-1.2307692307692264,,
2026-07-13,6669,觀察股,48.5,-5.544354838709677,,
2026-07-13,1303,觀察股,48.2,-6.516290726817042,,
2026-07-13,2886,觀察股,46.2,2.553191489361708,,
2026-07-13,2105,觀察股,46.2,1.0654490106544945,,
2026-07-13,3711,觀察股,45.0,-10.895522388059701,,
2026-07-13,2330,觀察股,45.0,-4.918032786885246,,
2026-07-13,2884,觀察股,43.9,3.61271676300578,,
2026-07-13,2357,觀察股,43.9,-2.272727272727273,,
2026-07-13,8046,觀察股,43.6,-12.992125984251967,,
2026-07-13,2382,觀察股,43.3,-16.402116402116402,,
2026-07-13,2615,觀察股,43.2,1.6414141414141377,,
2026-07-13,2891,觀察股,40.0,-7.518796992481203,,
2026-07-14,2207,強力候選,57.0,2.5,,
2026-07-14,2603,強力候選,55.8,4.370179948586118,,
2026-07-14,2395,觀察股,51.7,7.183364839319471,,
2026-07-14,5880,觀察股,50.4,1.984126984126984,,
2026-07-14,6505,觀察股,49.7,29.003021148036257,,
2026-07-14,1326,觀察股,49.0,2.3880597014925287,,
2026-07-14,6669,觀察股,48.5,1.9367991845056065,,
2026-07-14,2884,觀察股,47.6,7.101449275362327,,
2026-07-14,1301,觀察股,47.0,-0.9433962264150966,,
2026-07-14,2615,觀察股,46.8,7.304785894206544,,
2026-07-14,2105,觀察股,46.2,-1.2251148545176067,,
2026-07-14,2892,觀察股,46.1,2.6825633383010605,,
2026-07-14,2886,觀察股,44.1,3.404255319148939,,
2026-07-14,2382,觀察股,43.3,-14.736842105263156,,
2026-07-14,3711,觀察股,43.2,-1.24804992199688,,
2026-07-14,2330,觀察股,43.2,-0.4132231404958678,,
2026-07-14,2354,觀察股,43.2,-0.8976660682226212,,
2026-07-14,2408,觀察股,43.0,-9.598214285714286,,
2026-07-14,2376,觀察股,42.2,2.095808383233533,,
2026-07-14,1303,觀察股,42.2,-6.904761904761905,,
2026-07-14,8046,觀察股,42.2,-7.751937984496124,,
2026-07-14,2303,觀察股,41.0,-10.927152317880795,,
2026-07-14,3034,觀察股,41.0,1.7094017094017095,,
2026-07-14,2357,觀察股,40.4,4.694167852062589,,
2026-07-14,2885,觀察股,40.0,-8.095952023988014,,
2026-07-15,2615,強力候選,61.2,4.16156670746633,,
2026-07-15,2207,強力候選,56.4,2.5,,
2026-07-15,2376,強力候選,55.6,1.1627906976744187,,
2026-07-15,1326,觀察股,52.4,-0.28248587570621875,,
2026-07-15,6669,觀察股,52.0,7.948969578017665,,
2026-07-15,2395,觀察股,51.7,11.819887429643527,,
2026-07-15,2303,觀察股,51.6,-16.265060240963855,,
2026-07-15,2603,觀察股,50.9,3.258145363408521,,
2026-07-15,1301,觀察股,50.3,-3.348554033485544,,
2026-07-15,1590,觀察股,49.8,4.761904761904762,,
2026-07-15,6505,觀察股,49.7,16.89560439560439,,
2026-07-15,3711,觀察股,49.6,-3.953147877013177,,
2026-07-15,2330,觀察股,48.9,-1.639344262295082,,
2026-07-15,2354,觀察股,48.0,-0.5319148936170163,,
2026-07-15,5880,觀察股,46.5,0.7889546351084784,,
2026-07-15,2105,觀察股,46.2,-4.870624048706245,,
2026-07-15,2382,觀察股,46.1,-13.648293963254593,,
2026-07-15,2883,觀察股,44.4,0.9950248756218929,,
2026-07-15,8046,觀察股,44.3,-7.773851590106007,,
2026-07-15,2884,觀察股,44.2,4.644412191581986,,
2026-07-15,2357,觀察股,43.9,6.320224719101124,,
2026-07-15,2301,觀察股,43.8,0.9259259259259258,,
2026-07-15,2892,觀察股,43.5,3.927492447129901,,
2026-07-15,1303,觀察股,42.2,-8.571428571428571,,
2026-07-15,3034,觀察股,41.6,6.1440677966101696,,
2026-07-15,2408,觀察股,41.2,-7.380457380457381,,
2026-07-15,2317,觀察股,40.2,5.230125523012552,,
2026-07-16,2207,強力候選,56.4,-0.2028397565922921,,
2026-07-16,2615,觀察股,54.6,4.708798017348199,,
2026-07-16,6669,觀察股,52.0,6.940371456500488,,
2026-07-16,2395,觀察股,51.7,13.20754716981132,,
2026-07-16,8046,觀察股,51.0,-3.5294117647058822,,
2026-07-16,2603,觀察股,50.9,1.7500000000000002,,
2026-07-16,3711,觀察股,50.6,-4.838709677419355,,
2026-07-16,2884,觀察股,50.4,2.1489971346704873,,
2026-07-16,2301,觀察股,50.0,0.0,,
2026-07-16,2330,觀察股,50.0,-2.631578947368421,,
2026-07-16,5880,觀察股,49.9,0.3921568627451036,,
2026-07-16,6505,觀察股,49.7,16.500000000000004,,
2026-07-16,2892,觀察股,49.1,0.5891016200294424,,
2026-07-16,2357,觀察股,48.2,7.5524475524475525,,
2026-07-16,1326,觀察股,47.4,4.063860667634248,,
2026-07-16,2354,觀察股,47.4,1.0638297872340452,,
2026-07-16,1301,觀察股,46.8,0.9146341463414766,,
2026-07-16,1590,觀察股,44.0,4.074074074074074,,
2026-07-16,2105,觀察股,43.2,-7.004470938897163,,
2026-07-16,2408,觀察股,43.0,-2.9612756264236904,,
2026-07-16,4938,觀察股,41.8,4.8076923076923075,,
2026-07-16,2308,觀察股,41.8,-1.3123359580052494,,
2026-07-16,2376,觀察股,41.1,5.192878338278932,,
2026-07-16,2303,觀察股,40.4,-13.4375,,
2026-07-16,2883,觀察股,40.2,0.98199672667758,,
2026-07-17,2884,強力候選,55.7,,,
2026-07-17,1326,觀察股,53.8,,,
2026-07-17,2207,觀察股,53.4,,,
2026-07-17,2615,觀察股,51.1,,,
2026-07-17,6505,觀察股,50.3,,,
2026-07-17,8046,觀察股,49.6,,,
2026-07-17,2892,觀察股,48.8,,,
2026-07-17,1303,觀察股,47.5,,,
2026-07-17,2395,觀察股,46.9,,,
2026-07-17,1301,觀察股,45.6,,,
2026-07-17,2357,觀察股,44.6,,,
2026-07-17,5880,觀察股,44.2,,,
2026-07-17,6669,觀察股,44.0,,,
2026-07-17,2105,觀察股,43.2,,,
2026-07-17,2603,觀察股,42.2,,,
2026-07-17,2412,觀察股,42.2,,,
2026-07-17,2886,觀察股,41.3,,,
2026-07-17,2882,觀察股,40.6,,,
2026-07-17,3045,觀察股,40.4,,,
2026-07-17,3711,觀察股,40.3,,,
2026-07-20,2884,強力候選,57.0,,,
2026-07-20,2615,觀察股,54.6,,,
2026-07-20,1326,觀察股,53.8,,,
2026-07-20,2207,觀察股,52.0,,,
2026-07-20,2603,觀察股,50.9,,,
2026-07-20,6505,觀察股,46.8,,,
2026-07-20,2892,觀察股,44.3,,,
2026-07-20,1301,觀察股,44.2,,,
2026-07-20,6669,觀察股,44.0,,,
2026-07-20,2412,觀察股,43.4,,,
2026-07-20,2105,觀察股,43.2,,,
2026-07-20,2357,觀察股,43.2,,,
2026-07-20,2882,觀察股,42.6,,,
2026-07-20,2886,觀察股,42.0,,,
2026-07-20,5880,觀察股,41.2,,,
2026-07-20,8046,觀察股,40.8,,,
2026-07-20,2395,觀察股,40.5,,,
2026-07-20,1303,觀察股,40.5,,,
2026-07-20,3045,觀察股,40.4,,,
2026-07-21,2357,強力候選,60.0,,,
2026-07-21,2615,強力候選,59.3,,,
2026-07-21,6505,觀察股,52.6,,,
2026-07-21,2376,觀察股,51.4,,,
2026-07-21,2105,觀察股,50.8,,,
2026-07-21,2395,觀察股,50.3,,,
2026-07-21,2884,觀察股,50.3,,,
2026-07-21,6669,觀察股,50.2,,,
2026-07-21,2892,觀察股,49.2,,,
2026-07-21,2603,觀察股,48.4,,,
2026-07-21,2002,觀察股,47.2,,,
2026-07-21,1326,觀察股,47.2,,,
2026-07-21,2609,觀察股,46.6,,,
2026-07-21,2317,觀察股,44.8,,,
2026-07-21,8046,觀察股,44.3,,,
2026-07-21,2412,觀察股,43.4,,,
2026-07-21,2207,觀察股,43.2,,,
2026-07-21,2330,觀察股,42.6,,,
2026-07-21,2882,觀察股,42.6,,,
2026-07-21,1301,觀察股,42.4,,,
2026-07-21,2379,觀察股,42.1,,,
2026-07-21,4938,觀察股,42.1,,,
2026-07-21,3711,觀察股,41.9,,,
2026-07-21,3017,觀察股,41.8,,,
2026-07-21,2345,觀察股,41.8,,,
2026-07-21,2308,觀察股,41.8,,,
2026-07-21,1590,觀察股,41.6,,,
2026-07-21,5880,觀察股,41.2,,,
2026-07-21,3036,觀察股,41.0,,,
2026-07-21,1303,觀察股,40.5,,,
2026-07-21,3045,觀察股,40.4,,,
2026-07-22,6669,強力候選,63.1,,,
2026-07-22,1326,強力候選,56.6,,,
2026-07-22,2615,強力候選,55.8,,,
2026-07-22,5880,觀察股,51.7,,,
2026-07-22,2301,觀察股,50.0,,,
2026-07-22,2354,觀察股,49.6,,,
2026-07-22,2376,觀察股,48.9,,,
2026-07-22,2317,觀察股,47.9,,,
2026-07-22,3034,觀察股,47.8,,,
2026-07-22,2412,觀察股,47.6,,,
2026-07-22,2884,觀察股,47.6,,,
2026-07-22,1590,觀察股,47.5,,,
2026-07-22,2603,觀察股,47.0,,,
2026-07-22,2609,觀察股,46.9,,,
2026-07-22,4938,觀察股,46.6,,,
2026-07-22,6505,觀察股,46.2,,,
2026-07-22,2105,觀察股,45.6,,,
2026-07-22,2330,觀察股,45.4,,,
2026-07-22,2882,觀察股,45.4,,,
2026-07-22,8046,觀察股,45.4,,,
2026-07-22,2002,觀察股,45.4,,,
2026-07-22,3711,觀察股,45.4,,,
2026-07-22,2357,觀察股,44.6,,,
2026-07-22,2408,觀察股,43.7,,,
2026-07-22,2360,觀察股,43.6,,,
2026-07-22,2395,觀察股,43.6,,,
2026-07-22,2883,觀察股,43.4,,,
2026-07-22,2891,觀察股,43.3,,,
2026-07-22,2886,觀察股,43.3,,,
2026-07-22,1303,觀察股,43.3,,,
2026-07-22,1301,觀察股,42.4,,,
2026-07-22,2207,觀察股,42.1,,,
2026-07-22,2892,觀察股,40.9,,,
2026-07-22,2379,觀察股,40.6,,,
2026-07-22,2308,觀察股,40.4,,,
2026-07-22,3045,觀察股,40.4,,,
2026-07-22,2345,觀察股,40.4,,,
2026-07-22,2881,觀察股,40.2,,,
2026-07-23,2317,強力候選,58.4,,,
2026-07-23,2615,強力候選,55.8,,,
2026-07-23,1326,強力候選,55.2,,,
2026-07-23,4938,觀察股,54.8,,,
2026-07-23,6669,觀察股,54.6,,,
2026-07-23,1590,觀察股,54.5,,,
2026-07-23,2884,觀察股,53.8,,,
2026-07-23,6505,觀察股,52.6,,,
2026-07-23,2002,觀察股,52.4,,,
2026-07-23,2376,觀察股,52.4,,,
2026-07-23,2354,觀察股,51.8,,,
2026-07-23,2603,觀察股,50.9,,,
2026-07-23,1301,觀察股,50.0,,,
2026-07-23,3017,觀察股,48.2,,,
2026-07-23,2301,觀察股,48.1,,,
2026-07-23,2412,觀察股,47.6,,,
2026-07-23,3036,觀察股,47.5,,,
2026-07-23,3034,觀察股,46.4,,,
2026-07-23,2609,觀察股,45.8,,,
2026-07-23,2882,觀察股,45.1,,,
2026-07-23,2308,觀察股,44.6,,,
2026-07-23,2382,觀察股,44.2,,,
2026-07-23,3711,觀察股,44.0,,,
2026-07-23,2330,觀察股,43.4,,,
2026-07-23,2360,觀察股,43.4,,,
2026-07-23,2357,觀察股,43.2,,,
2026-07-23,5880,觀察股,43.0,,,
2026-07-23,8046,觀察股,42.6,,,
2026-07-23,2207,觀察股,42.1,,,
2026-07-23,1303,觀察股,40.5,,,
2026-07-23,2345,觀察股,40.4,,,
2026-07-23,3045,觀察股,40.4,,,
2026-07-23,2395,觀察股,40.2,,,
2026-07-23,2891,觀察股,40.0,,,
