signal,count,mean_5d,win_5d,mean_20d,win_20d,mean_now,win_now
[技術] RSI超賣(≤30),5,3.5,80.0,9.38,100.0,18.92,100.0
[籌碼] 券資比高,14,1.16,72.7,6.08,100.0,2.99,64.3
[技術] RSI偏高(60-70),817,1.07,51.3,3.58,58.8,8.35,70.4
[籌碼] 融資減,214,0.97,55.0,6.44,70.0,2.71,57.9
[籌碼] 券資比低,1363,0.88,53.2,4.13,66.4,3.82,64.5
[籌碼] 融資使用率低,1404,0.85,52.9,4.15,66.8,3.83,64.3
[技術] MACD↑,1831,0.84,50.8,3.12,56.6,7.58,67.7
[籌碼] 投信買超,706,0.72,55.1,3.5,64.4,5.38,69.4
[籌碼] 外資買超,839,0.72,51.5,3.64,63.2,5.55,67.8
[籌碼] 外資連買,602,0.63,52.7,3.31,64.9,6.13,65.6
[基本] 持續配息,2187,0.53,50.9,3.15,56.4,7.67,68.7
[技術] MA多頭,2068,0.52,49.7,2.59,54.4,6.96,66.5
[技術] RSI中性(40-60),1098,0.46,50.7,4.14,57.0,7.83,69.1
[籌碼] 投信賣超,622,0.31,49.6,2.14,63.1,5.97,68.5
[基本] 營收動能,2189,0.3,49.1,2.71,55.2,7.88,67.7
[技術] RSI偏低(30-40),114,0.22,55.6,4.23,62.9,11.82,78.1
[技術] 突破布林中軌,178,-0.18,51.2,4.73,67.5,7.47,70.8
[籌碼] 融資健康增,247,-0.63,46.3,0.74,57.8,2.85,61.5
[籌碼] 投信連買,610,-0.63,45.8,2.11,51.1,4.65,63.3
[技術] RSI超買(≥70),445,-0.74,45.4,-2.1,44.9,4.93,58.7
[籌碼] 融資暴增,63,-0.79,34.4,-1.74,35.5,-1.13,44.4
[技術] 突破20日高,272,-0.91,42.3,0.33,50.5,5.52,59.9
[籌碼] 券資比中性,27,-1.04,30.4,4.38,72.2,5.07,55.6
[籌碼] 外資賣超,500,-1.35,45.8,0.1,47.8,4.0,67.8
[技術] KD黃金交叉,176,-1.72,41.3,2.11,60.3,6.91,69.9
[技術] KD超賣黃金交叉,6,-2.82,33.3,-0.52,66.7,3.55,66.7
